Downloading https://services.gradle.org/distributions/gradle-7.6-bin.zip
...........10%............20%...........30%............40%............50%...........60%............70%............80%...........90%............100%

Welcome to Gradle 7.6!

Here are the highlights of this release:
 - Added support for Java 19.
 - Introduced `--rerun` flag for individual task rerun.
 - Improved dependency block for test suites to be strongly typed.
 - Added a pluggable system for Java toolchains provisioning.

For more details see https://docs.gradle.org/7.6/release-notes.html

To honour the JVM settings for this build a single-use Daemon process will be forked. See https://docs.gradle.org/7.6/userguide/gradle_daemon.html#sec:disabling_the_daemon.
Daemon will be stopped at the end of the build 

> Configure project :app
Checking the license for package NDK (Side by side) 21.4.7075529 in /usr/local/lib/android/sdk/licenses
License for package NDK (Side by side) 21.4.7075529 accepted.
Preparing "Install NDK (Side by side) 21.4.7075529 (revision: 21.4.7075529)".
"Install NDK (Side by side) 21.4.7075529 (revision: 21.4.7075529)" ready.
Installing NDK (Side by side) 21.4.7075529 in /usr/local/lib/android/sdk/ndk/21.4.7075529
"Install NDK (Side by side) 21.4.7075529 (revision: 21.4.7075529)" complete.
"Install NDK (Side by side) 21.4.7075529 (revision: 21.4.7075529)" finished.
Checking the license for package CMake 3.22.1 in /usr/local/lib/android/sdk/licenses
License for package CMake 3.22.1 accepted.
Preparing "Install CMake 3.22.1 (revision: 3.22.1)".
"Install CMake 3.22.1 (revision: 3.22.1)" ready.
Installing CMake 3.22.1 in /usr/local/lib/android/sdk/cmake/3.22.1
"Install CMake 3.22.1 (revision: 3.22.1)" complete.
"Install CMake 3.22.1 (revision: 3.22.1)" finished.
Checking the license for package Android SDK Build-Tools 30.0.3 in /usr/local/lib/android/sdk/licenses
License for package Android SDK Build-Tools 30.0.3 accepted.
Preparing "Install Android SDK Build-Tools 30.0.3 (revision: 30.0.3)".
"Install Android SDK Build-Tools 30.0.3 (revision: 30.0.3)" ready.
Installing Android SDK Build-Tools 30.0.3 in /usr/local/lib/android/sdk/build-tools/30.0.3
"Install Android SDK Build-Tools 30.0.3 (revision: 30.0.3)" complete.
"Install Android SDK Build-Tools 30.0.3 (revision: 30.0.3)" finished.
Checking the license for package Android SDK Platform 33 in /usr/local/lib/android/sdk/licenses
License for package Android SDK Platform 33 accepted.
Preparing "Install Android SDK Platform 33 (revision: 3)".
"Install Android SDK Platform 33 (revision: 3)" ready.
Installing Android SDK Platform 33 in /usr/local/lib/android/sdk/platforms/android-33
"Install Android SDK Platform 33 (revision: 3)" complete.
"Install Android SDK Platform 33 (revision: 3)" finished.

> Task :app:preBuild UP-TO-DATE
> Task :app:preReleaseBuild UP-TO-DATE

> Task :app:configureCMakeRelWithDebInfo[arm64-v8a]
C/C++: CMake Warning (dev) in CMakeLists.txt:
C/C++:   No project() command is present.  The top-level CMakeLists.txt file must
C/C++:   contain a literal, direct call to the project() command.  Add a line of
C/C++:   code such as
C/C++:     project(ProjectName)
C/C++:   near the top of the file, but after cmake_minimum_required().
C/C++:   CMake is pretending there is a "project(Project)" command on the first
C/C++:   line.
C/C++: This warning is for project developers.  Use -Wno-dev to suppress it.

> Task :app:buildCMakeRelWithDebInfo[arm64-v8a]
C/C++: ninja: Entering directory `/home/runner/work/Meowmdmdmmdd/Meowmdmdmmdd/MDGram/app/.cxx/RelWithDebInfo/3pb235i4/arm64-v8a'
C/C++: /home/runner/work/Meowmdmdmmdd/Meowmdmdmmdd/MDGram/app/src/main/jni/rlottie/src/lottie/lottiemodel.cpp:211:73: warning: '&&' within '||' [-Wlogical-op-parentheses]
C/C++: /home/runner/work/Meowmdmdmmdd/Meowmdmdmmdd/MDGram/app/src/main/jni/rlottie/src/lottie/lottiemodel.cpp:211:73: note: place parentheses around the '&&' expression to silence this warning
C/C++: /home/runner/work/Meowmdmdmmdd/Meowmdmdmmdd/MDGram/app/src/main/jni/tgnet/Connection.cpp:223:93: warning: '&&' within '||' [-Wlogical-op-parentheses]
C/C++: /home/runner/work/Meowmdmdmmdd/Meowmdmdmmdd/MDGram/app/src/main/jni/tgnet/Connection.cpp:223:93: note: place parentheses around the '&&' expression to silence this warning
C/C++: /home/runner/work/Meowmdmdmmdd/Meowmdmdmmdd/MDGram/app/src/main/jni/tgnet/Connection.cpp:531:223: warning: '&&' within '||' [-Wlogical-op-parentheses]
C/C++: /home/runner/work/Meowmdmdmmdd/Meowmdmdmmdd/MDGram/app/src/main/jni/tgnet/Connection.cpp:531:223: note: place parentheses around the '&&' expression to silence this warning
C/C++: /home/runner/work/Meowmdmdmmdd/Meowmdmdmmdd/MDGram/app/src/main/jni/tgnet/Connection.cpp:664:57: warning: '&&' within '||' [-Wlogical-op-parentheses]
C/C++: /home/runner/work/Meowmdmdmmdd/Meowmdmdmmdd/MDGram/app/src/main/jni/tgnet/Connection.cpp:664:57: note: place parentheses around the '&&' expression to silence this warning
C/C++: /home/runner/work/Meowmdmdmmdd/Meowmdmdmmdd/MDGram/app/src/main/jni/tgnet/Connection.cpp:718:62: warning: '&&' within '||' [-Wlogical-op-parentheses]
C/C++: /home/runner/work/Meowmdmdmmdd/Meowmdmdmmdd/MDGram/app/src/main/jni/tgnet/Connection.cpp:718:62: note: place parentheses around the '&&' expression to silence this warning
C/C++: /home/runner/work/Meowmdmdmmdd/Meowmdmdmmdd/MDGram/app/src/main/jni/tgnet/Connection.cpp:718:147: warning: '&&' within '||' [-Wlogical-op-parentheses]
C/C++: /home/runner/work/Meowmdmdmmdd/Meowmdmdmmdd/MDGram/app/src/main/jni/tgnet/Connection.cpp:718:147: note: place parentheses around the '&&' expression to silence this warning
C/C++: /home/runner/work/Meowmdmdmmdd/Meowmdmdmmdd/MDGram/app/src/main/jni/tgnet/ConnectionSocket.cpp:970:29: warning: '&&' within '||' [-Wlogical-op-parentheses]
C/C++: /home/runner/work/Meowmdmdmmdd/Meowmdmdmmdd/MDGram/app/src/main/jni/tgnet/ConnectionSocket.cpp:970:29: note: place parentheses around the '&&' expression to silence this warning
C/C++: /home/runner/work/Meowmdmdmmdd/Meowmdmdmmdd/MDGram/app/src/main/jni/tgnet/ApiScheme.cpp:483:21: warning: unused variable 'document_id' [-Wunused-variable]
C/C++: /home/runner/work/Meowmdmdmmdd/Meowmdmdmmdd/MDGram/app/src/main/jni/tgnet/ApiScheme.cpp:486:21: warning: unused variable 'document_id' [-Wunused-variable]
C/C++: /home/runner/work/Meowmdmdmmdd/Meowmdmdmmdd/MDGram/app/src/main/jni/tgnet/ApiScheme.cpp:487:17: warning: unused variable 'until' [-Wunused-variable]
C/C++: /home/runner/work/Meowmdmdmmdd/Meowmdmdmmdd/MDGram/app/src/main/jni/tgnet/Request.cpp:86:19: warning: '&&' within '||' [-Wlogical-op-parentheses]
C/C++: /home/runner/work/Meowmdmdmmdd/Meowmdmdmmdd/MDGram/app/src/main/jni/tgnet/Request.cpp:86:19: note: place parentheses around the '&&' expression to silence this warning
C/C++: /home/runner/work/Meowmdmdmmdd/Meowmdmdmmdd/MDGram/app/src/main/jni/tgnet/Request.cpp:86:77: warning: '&&' within '||' [-Wlogical-op-parentheses]
C/C++: /home/runner/work/Meowmdmdmmdd/Meowmdmdmmdd/MDGram/app/src/main/jni/tgnet/Request.cpp:86:77: note: place parentheses around the '&&' expression to silence this warning
C/C++: /home/runner/work/Meowmdmdmmdd/Meowmdmdmmdd/MDGram/app/src/main/jni/tgnet/Datacenter.cpp:199:62: warning: '&&' within '||' [-Wlogical-op-parentheses]
C/C++: /home/runner/work/Meowmdmdmmdd/Meowmdmdmmdd/MDGram/app/src/main/jni/tgnet/Datacenter.cpp:199:62: note: place parentheses around the '&&' expression to silence this warning
C/C++: /home/runner/work/Meowmdmdmmdd/Meowmdmdmmdd/MDGram/app/src/main/jni/tgnet/Datacenter.cpp:257:62: warning: '&&' within '||' [-Wlogical-op-parentheses]
C/C++: /home/runner/work/Meowmdmdmmdd/Meowmdmdmmdd/MDGram/app/src/main/jni/tgnet/Datacenter.cpp:257:62: note: place parentheses around the '&&' expression to silence this warning
C/C++: /home/runner/work/Meowmdmdmmdd/Meowmdmdmmdd/MDGram/app/src/main/jni/tgnet/Datacenter.cpp:377:62: warning: '&&' within '||' [-Wlogical-op-parentheses]
C/C++: /home/runner/work/Meowmdmdmmdd/Meowmdmdmmdd/MDGram/app/src/main/jni/tgnet/Datacenter.cpp:377:62: note: place parentheses around the '&&' expression to silence this warning
C/C++: /home/runner/work/Meowmdmdmmdd/Meowmdmdmmdd/MDGram/app/src/main/jni/tgnet/Datacenter.cpp:446:62: warning: '&&' within '||' [-Wlogical-op-parentheses]
C/C++: /home/runner/work/Meowmdmdmmdd/Meowmdmdmmdd/MDGram/app/src/main/jni/tgnet/Datacenter.cpp:446:62: note: place parentheses around the '&&' expression to silence this warning
C/C++: /home/runner/work/Meowmdmdmmdd/Meowmdmdmmdd/MDGram/app/src/main/jni/tgnet/ConnectionsManager.cpp:1203:127: warning: format specifies type 'long long' but the argument has type 'int64_t' (aka 'long') [-Wformat]
C/C++: /home/runner/work/Meowmdmdmmdd/Meowmdmdmmdd/MDGram/app/src/main/jni/tgnet/ConnectionsManager.cpp:1207:116: warning: format specifies type 'long long' but the argument has type 'int64_t' (aka 'long') [-Wformat]
C/C++: /home/runner/work/Meowmdmdmmdd/Meowmdmdmmdd/MDGram/app/src/main/jni/tgnet/ConnectionsManager.cpp:1834:101: warning: expression with side effects will be evaluated despite being used as an operand to 'typeid' [-Wpotentially-evaluated-expression]
C/C++: /home/runner/work/Meowmdmdmmdd/Meowmdmdmmdd/MDGram/app/src/main/jni/tgnet/ConnectionsManager.cpp:2692:155: warning: expression with side effects will be evaluated despite being used as an operand to 'typeid' [-Wpotentially-evaluated-expression]
C/C++: /home/runner/work/Meowmdmdmmdd/Meowmdmdmmdd/MDGram/app/src/main/jni/tgnet/ConnectionsManager.cpp:2875:17: warning: unused variable 'is_inited' [-Wunused-variable]
C/C++: /home/runner/work/Meowmdmdmmdd/Meowmdmdmmdd/MDGram/app/src/main/jni/tgnet/ConnectionsManager.cpp:2907:43: warning: array subscript is of type 'char' [-Wchar-subscripts]
C/C++: In file included from /home/runner/work/Meowmdmdmmdd/Meowmdmdmmdd/MDGram/app/src/main/jni/rlottie/src/lottie/lottieparser.cpp:58:
C/C++: In file included from /home/runner/work/Meowmdmdmmdd/Meowmdmdmmdd/MDGram/app/src/main/jni/./tgnet/FileLog.h:12:
C/C++: /home/runner/work/Meowmdmdmmdd/Meowmdmdmmdd/MDGram/app/src/main/jni/./tgnet/Defines.h:140:16: warning: 'ConnectiosManagerDelegate' has virtual functions but non-virtual destructor [-Wnon-virtual-dtor]
C/C++: /home/runner/work/Meowmdmdmmdd/Meowmdmdmmdd/MDGram/app/src/main/jni/./tgnet/Defines.h:156:16: warning: 'HandshakeDelegate' has virtual functions but non-virtual destructor [-Wnon-virtual-dtor]
C/C++: /home/runner/work/Meowmdmdmmdd/Meowmdmdmmdd/MDGram/app/src/main/jni/rlottie/src/lottie/lottieparser.cpp:186:60: warning: field 'colorMap' will be initialized after field 'mFitzModifier' [-Wreorder]
C/C++: In file included from /home/runner/work/Meowmdmdmmdd/Meowmdmdmmdd/MDGram/app/src/main/jni/rlottie/src/vector/vraster.cpp:22:
C/C++: In file included from /home/runner/work/Meowmdmdmmdd/Meowmdmdmmdd/MDGram/app/src/main/jni/./tgnet/FileLog.h:12:
C/C++: /home/runner/work/Meowmdmdmmdd/Meowmdmdmmdd/MDGram/app/src/main/jni/./tgnet/Defines.h:140:16: warning: 'ConnectiosManagerDelegate' has virtual functions but non-virtual destructor [-Wnon-virtual-dtor]
C/C++: /home/runner/work/Meowmdmdmmdd/Meowmdmdmmdd/MDGram/app/src/main/jni/./tgnet/Defines.h:156:16: warning: 'HandshakeDelegate' has virtual functions but non-virtual destructor [-Wnon-virtual-dtor]
C/C++: In file included from /home/runner/work/Meowmdmdmmdd/Meowmdmdmmdd/MDGram/app/src/main/jni/voip/libtgvoip/Buffers.cpp:7:
C/C++: In file included from /home/runner/work/Meowmdmdmmdd/Meowmdmdmmdd/MDGram/app/src/main/jni/voip/libtgvoip/Buffers.h:19:
C/C++: /home/runner/work/Meowmdmdmmdd/Meowmdmdmmdd/MDGram/app/src/main/jni/voip/libtgvoip/threading.h:110:8: warning: private field 'maxPriority' is not used [-Wunused-private-field]
C/C++: In file included from /home/runner/work/Meowmdmdmmdd/Meowmdmdmmdd/MDGram/app/src/main/jni/voip/libtgvoip/logging.cpp:12:
C/C++: In file included from /home/runner/work/Meowmdmdmmdd/Meowmdmdmmdd/MDGram/app/src/main/jni/voip/libtgvoip/VoIPController.h:24:
C/C++: In file included from /home/runner/work/Meowmdmdmmdd/Meowmdmdmmdd/MDGram/app/src/main/jni/voip/libtgvoip/video/VideoSource.h:12:
C/C++: In file included from /home/runner/work/Meowmdmdmmdd/Meowmdmdmmdd/MDGram/app/src/main/jni/voip/libtgvoip/Buffers.h:19:
C/C++: /home/runner/work/Meowmdmdmmdd/Meowmdmdmmdd/MDGram/app/src/main/jni/voip/libtgvoip/threading.h:110:8: warning: private field 'maxPriority' is not used [-Wunused-private-field]
C/C++: In file included from /home/runner/work/Meowmdmdmmdd/Meowmdmdmmdd/MDGram/app/src/main/jni/voip/libtgvoip/BlockingQueue.cpp:7:
C/C++: In file included from /home/runner/work/Meowmdmdmmdd/Meowmdmdmmdd/MDGram/app/src/main/jni/voip/libtgvoip/BlockingQueue.h:12:
C/C++: /home/runner/work/Meowmdmdmmdd/Meowmdmdmmdd/MDGram/app/src/main/jni/voip/libtgvoip/threading.h:110:8: warning: private field 'maxPriority' is not used [-Wunused-private-field]
C/C++: In file included from /home/runner/work/Meowmdmdmmdd/Meowmdmdmmdd/MDGram/app/src/main/jni/voip/libtgvoip/audio/AudioInput.cpp:7:
C/C++: In file included from /home/runner/work/Meowmdmdmmdd/Meowmdmdmmdd/MDGram/app/src/main/jni/voip/libtgvoip/audio/../os/android/../../audio/AudioInput.h:13:
C/C++: In file included from /home/runner/work/Meowmdmdmmdd/Meowmdmdmmdd/MDGram/app/src/main/jni/voip/libtgvoip/audio/../MediaStreamItf.h:14:
C/C++: /home/runner/work/Meowmdmdmmdd/Meowmdmdmmdd/MDGram/app/src/main/jni/voip/libtgvoip/audio/../os/android/../../threading.h:110:8: warning: private field 'maxPriority' is not used [-Wunused-private-field]
C/C++: In file included from /home/runner/work/Meowmdmdmmdd/Meowmdmdmmdd/MDGram/app/src/main/jni/voip/libtgvoip/VoIPGroupController.cpp:7:
C/C++: In file included from /home/runner/work/Meowmdmdmmdd/Meowmdmdmmdd/MDGram/app/src/main/jni/voip/libtgvoip/VoIPController.h:24:
C/C++: In file included from /home/runner/work/Meowmdmdmmdd/Meowmdmdmmdd/MDGram/app/src/main/jni/voip/libtgvoip/video/VideoSource.h:12:
C/C++: In file included from /home/runner/work/Meowmdmdmmdd/Meowmdmdmmdd/MDGram/app/src/main/jni/voip/libtgvoip/Buffers.h:19:
C/C++: /home/runner/work/Meowmdmdmmdd/Meowmdmdmmdd/MDGram/app/src/main/jni/voip/libtgvoip/threading.h:110:8: warning: private field 'maxPriority' is not used [-Wunused-private-field]
C/C++: In file included from /home/runner/work/Meowmdmdmmdd/Meowmdmdmmdd/MDGram/app/src/main/jni/voip/libtgvoip/MediaStreamItf.cpp:8:
C/C++: In file included from /home/runner/work/Meowmdmdmmdd/Meowmdmdmmdd/MDGram/app/src/main/jni/voip/libtgvoip/MediaStreamItf.h:14:
C/C++: /home/runner/work/Meowmdmdmmdd/Meowmdmdmmdd/MDGram/app/src/main/jni/voip/libtgvoip/threading.h:110:8: warning: private field 'maxPriority' is not used [-Wunused-private-field]
C/C++: In file included from /home/runner/work/Meowmdmdmmdd/Meowmdmdmmdd/MDGram/app/src/main/jni/voip/libtgvoip/os/android/AudioInputOpenSLES.cpp:11:
C/C++: In file included from /home/runner/work/Meowmdmdmmdd/Meowmdmdmmdd/MDGram/app/src/main/jni/voip/libtgvoip/os/android/AudioInputOpenSLES.h:13:
C/C++: In file included from /home/runner/work/Meowmdmdmmdd/Meowmdmdmmdd/MDGram/app/src/main/jni/voip/libtgvoip/os/android/../../audio/AudioInput.h:13:
C/C++: In file included from /home/runner/work/Meowmdmdmmdd/Meowmdmdmmdd/MDGram/app/src/main/jni/voip/libtgvoip/os/android/../../audio/../MediaStreamItf.h:14:
C/C++: /home/runner/work/Meowmdmdmmdd/Meowmdmdmmdd/MDGram/app/src/main/jni/voip/libtgvoip/threading.h:110:8: warning: private field 'maxPriority' is not used [-Wunused-private-field]
C/C++: In file included from /home/runner/work/Meowmdmdmmdd/Meowmdmdmmdd/MDGram/app/src/main/jni/voip/libtgvoip/audio/AudioOutput.cpp:19:
C/C++: /home/runner/work/Meowmdmdmmdd/Meowmdmdmmdd/MDGram/app/src/main/jni/voip/libtgvoip/audio/../os/android/AudioOutputAndroid.h:20:15: warning: 'Start' overrides a member function but is not marked 'override' [-Winconsistent-missing-override]
C/C++: /home/runner/work/Meowmdmdmmdd/Meowmdmdmmdd/MDGram/app/src/main/jni/voip/libtgvoip/audio/../MediaStreamItf.h:24:15: note: overridden virtual function is here
C/C++: In file included from /home/runner/work/Meowmdmdmmdd/Meowmdmdmmdd/MDGram/app/src/main/jni/voip/libtgvoip/audio/AudioOutput.cpp:19:
C/C++: /home/runner/work/Meowmdmdmmdd/Meowmdmdmmdd/MDGram/app/src/main/jni/voip/libtgvoip/audio/../os/android/AudioOutputAndroid.h:21:15: warning: 'Stop' overrides a member function but is not marked 'override' [-Winconsistent-missing-override]
C/C++: /home/runner/work/Meowmdmdmmdd/Meowmdmdmmdd/MDGram/app/src/main/jni/voip/libtgvoip/audio/../MediaStreamItf.h:25:15: note: overridden virtual function is here
C/C++: In file included from /home/runner/work/Meowmdmdmmdd/Meowmdmdmmdd/MDGram/app/src/main/jni/voip/libtgvoip/audio/AudioOutput.cpp:7:
C/C++: In file included from /home/runner/work/Meowmdmdmmdd/Meowmdmdmmdd/MDGram/app/src/main/jni/voip/libtgvoip/audio/../os/android/../../audio/AudioOutput.h:14:
C/C++: In file included from /home/runner/work/Meowmdmdmmdd/Meowmdmdmmdd/MDGram/app/src/main/jni/voip/libtgvoip/audio/../MediaStreamItf.h:14:
C/C++: /home/runner/work/Meowmdmdmmdd/Meowmdmdmmdd/MDGram/app/src/main/jni/voip/libtgvoip/threading.h:110:8: warning: private field 'maxPriority' is not used [-Wunused-private-field]
C/C++: In file included from /home/runner/work/Meowmdmdmmdd/Meowmdmdmmdd/MDGram/app/src/main/jni/voip/libtgvoip/OpusEncoder.cpp:7:
C/C++: In file included from /home/runner/work/Meowmdmdmmdd/Meowmdmdmmdd/MDGram/app/src/main/jni/voip/libtgvoip/OpusEncoder.h:11:
C/C++: In file included from /home/runner/work/Meowmdmdmmdd/Meowmdmdmmdd/MDGram/app/src/main/jni/voip/libtgvoip/MediaStreamItf.h:14:
C/C++: /home/runner/work/Meowmdmdmmdd/Meowmdmdmmdd/MDGram/app/src/main/jni/voip/libtgvoip/threading.h:110:8: warning: private field 'maxPriority' is not used [-Wunused-private-field]
C/C++: In file included from /home/runner/work/Meowmdmdmmdd/Meowmdmdmmdd/MDGram/app/src/main/jni/voip/libtgvoip/JitterBuffer.cpp:7:
C/C++: In file included from /home/runner/work/Meowmdmdmmdd/Meowmdmdmmdd/MDGram/app/src/main/jni/voip/libtgvoip/VoIPController.h:24:
C/C++: In file included from /home/runner/work/Meowmdmdmmdd/Meowmdmdmmdd/MDGram/app/src/main/jni/voip/libtgvoip/video/VideoSource.h:12:
C/C++: In file included from /home/runner/work/Meowmdmdmmdd/Meowmdmdmmdd/MDGram/app/src/main/jni/voip/libtgvoip/Buffers.h:19:
C/C++: /home/runner/work/Meowmdmdmmdd/Meowmdmdmmdd/MDGram/app/src/main/jni/voip/libtgvoip/threading.h:110:8: warning: private field 'maxPriority' is not used [-Wunused-private-field]
C/C++: In file included from /home/runner/work/Meowmdmdmmdd/Meowmdmdmmdd/MDGram/app/src/main/jni/voip/libtgvoip/os/android/AudioOutputOpenSLES.cpp:10:
C/C++: In file included from /home/runner/work/Meowmdmdmmdd/Meowmdmdmmdd/MDGram/app/src/main/jni/voip/libtgvoip/os/android/AudioOutputOpenSLES.h:13:
C/C++: In file included from /home/runner/work/Meowmdmdmmdd/Meowmdmdmmdd/MDGram/app/src/main/jni/voip/libtgvoip/audio/AudioOutput.h:14:
C/C++: In file included from /home/runner/work/Meowmdmdmmdd/Meowmdmdmmdd/MDGram/app/src/main/jni/voip/libtgvoip/MediaStreamItf.h:14:
C/C++: /home/runner/work/Meowmdmdmmdd/Meowmdmdmmdd/MDGram/app/src/main/jni/voip/libtgvoip/os/android/../../threading.h:110:8: warning: private field 'maxPriority' is not used [-Wunused-private-field]
C/C++: In file included from /home/runner/work/Meowmdmdmmdd/Meowmdmdmmdd/MDGram/app/src/main/jni/voip/libtgvoip/EchoCanceller.cpp:12:
C/C++: In file included from /home/runner/work/Meowmdmdmmdd/Meowmdmdmmdd/MDGram/app/src/main/jni/voip/libtgvoip/EchoCanceller.h:10:
C/C++: /home/runner/work/Meowmdmdmmdd/Meowmdmdmmdd/MDGram/app/src/main/jni/voip/libtgvoip/threading.h:110:8: warning: private field 'maxPriority' is not used [-Wunused-private-field]
C/C++: In file included from /home/runner/work/Meowmdmdmmdd/Meowmdmdmmdd/MDGram/app/src/main/jni/voip/libtgvoip/OpusDecoder.cpp:7:
C/C++: In file included from /home/runner/work/Meowmdmdmmdd/Meowmdmdmmdd/MDGram/app/src/main/jni/voip/libtgvoip/OpusDecoder.h:11:
C/C++: In file included from /home/runner/work/Meowmdmdmmdd/Meowmdmdmmdd/MDGram/app/src/main/jni/voip/libtgvoip/audio/../MediaStreamItf.h:14:
C/C++: /home/runner/work/Meowmdmdmmdd/Meowmdmdmmdd/MDGram/app/src/main/jni/voip/libtgvoip/threading.h:110:8: warning: private field 'maxPriority' is not used [-Wunused-private-field]
C/C++: In file included from /home/runner/work/Meowmdmdmmdd/Meowmdmdmmdd/MDGram/app/src/main/jni/voip/libtgvoip/os/android/AudioOutputAndroid.cpp:7:
C/C++: /home/runner/work/Meowmdmdmmdd/Meowmdmdmmdd/MDGram/app/src/main/jni/voip/libtgvoip/os/android/AudioOutputAndroid.h:20:15: warning: 'Start' overrides a member function but is not marked 'override' [-Winconsistent-missing-override]
C/C++: /home/runner/work/Meowmdmdmmdd/Meowmdmdmmdd/MDGram/app/src/main/jni/voip/libtgvoip/os/android/../../audio/../MediaStreamItf.h:24:15: note: overridden virtual function is here
C/C++: In file included from /home/runner/work/Meowmdmdmmdd/Meowmdmdmmdd/MDGram/app/src/main/jni/voip/libtgvoip/os/android/AudioOutputAndroid.cpp:7:
C/C++: /home/runner/work/Meowmdmdmmdd/Meowmdmdmmdd/MDGram/app/src/main/jni/voip/libtgvoip/os/android/AudioOutputAndroid.h:21:15: warning: 'Stop' overrides a member function but is not marked 'override' [-Winconsistent-missing-override]
C/C++: /home/runner/work/Meowmdmdmmdd/Meowmdmdmmdd/MDGram/app/src/main/jni/voip/libtgvoip/os/android/../../audio/../MediaStreamItf.h:25:15: note: overridden virtual function is here
C/C++: In file included from /home/runner/work/Meowmdmdmmdd/Meowmdmdmmdd/MDGram/app/src/main/jni/voip/libtgvoip/os/android/AudioOutputAndroid.cpp:7:
C/C++: In file included from /home/runner/work/Meowmdmdmmdd/Meowmdmdmmdd/MDGram/app/src/main/jni/voip/libtgvoip/os/android/AudioOutputAndroid.h:11:
C/C++: In file included from /home/runner/work/Meowmdmdmmdd/Meowmdmdmmdd/MDGram/app/src/main/jni/voip/libtgvoip/os/android/../../audio/AudioOutput.h:14:
C/C++: In file included from /home/runner/work/Meowmdmdmmdd/Meowmdmdmmdd/MDGram/app/src/main/jni/voip/libtgvoip/os/android/../../audio/../MediaStreamItf.h:14:
C/C++: /home/runner/work/Meowmdmdmmdd/Meowmdmdmmdd/MDGram/app/src/main/jni/voip/libtgvoip/threading.h:110:8: warning: private field 'maxPriority' is not used [-Wunused-private-field]
C/C++: In file included from /home/runner/work/Meowmdmdmmdd/Meowmdmdmmdd/MDGram/app/src/main/jni/voip/libtgvoip/VoIPServerConfig.cpp:7:
C/C++: In file included from /home/runner/work/Meowmdmdmmdd/Meowmdmdmmdd/MDGram/app/src/main/jni/voip/libtgvoip/VoIPServerConfig.h:13:
C/C++: /home/runner/work/Meowmdmdmmdd/Meowmdmdmmdd/MDGram/app/src/main/jni/voip/libtgvoip/threading.h:110:8: warning: private field 'maxPriority' is not used [-Wunused-private-field]
C/C++: In file included from /home/runner/work/Meowmdmdmmdd/Meowmdmdmmdd/MDGram/app/src/main/jni/voip/libtgvoip/CongestionControl.cpp:7:
C/C++: In file included from /home/runner/work/Meowmdmdmmdd/Meowmdmdmmdd/MDGram/app/src/main/jni/voip/libtgvoip/CongestionControl.h:12:
C/C++: /home/runner/work/Meowmdmdmmdd/Meowmdmdmmdd/MDGram/app/src/main/jni/voip/libtgvoip/threading.h:110:8: warning: private field 'maxPriority' is not used [-Wunused-private-field]
C/C++: In file included from /home/runner/work/Meowmdmdmmdd/Meowmdmdmmdd/MDGram/app/src/main/jni/voip/libtgvoip/os/android/AudioInputAndroid.cpp:7:
C/C++: In file included from /home/runner/work/Meowmdmdmmdd/Meowmdmdmmdd/MDGram/app/src/main/jni/voip/libtgvoip/os/android/AudioInputAndroid.h:11:
C/C++: In file included from /home/runner/work/Meowmdmdmmdd/Meowmdmdmmdd/MDGram/app/src/main/jni/voip/libtgvoip/os/android/../../audio/AudioInput.h:13:
C/C++: In file included from /home/runner/work/Meowmdmdmmdd/Meowmdmdmmdd/MDGram/app/src/main/jni/voip/libtgvoip/os/android/../../audio/../MediaStreamItf.h:14:
C/C++: /home/runner/work/Meowmdmdmmdd/Meowmdmdmmdd/MDGram/app/src/main/jni/voip/libtgvoip/os/android/../../threading.h:110:8: warning: private field 'maxPriority' is not used [-Wunused-private-field]
C/C++: In file included from /home/runner/work/Meowmdmdmmdd/Meowmdmdmmdd/MDGram/app/src/main/jni/voip/libtgvoip/NetworkSocket.cpp:14:
C/C++: In file included from /home/runner/work/Meowmdmdmmdd/Meowmdmdmmdd/MDGram/app/src/main/jni/voip/libtgvoip/os/posix/NetworkSocketPosix.h:11:
C/C++: In file included from /home/runner/work/Meowmdmdmmdd/Meowmdmdmmdd/MDGram/app/src/main/jni/voip/libtgvoip/Buffers.h:19:
C/C++: /home/runner/work/Meowmdmdmmdd/Meowmdmdmmdd/MDGram/app/src/main/jni/voip/libtgvoip/threading.h:110:8: warning: private field 'maxPriority' is not used [-Wunused-private-field]
C/C++: In file included from /home/runner/work/Meowmdmdmmdd/Meowmdmdmmdd/MDGram/app/src/main/jni/voip/libtgvoip/PacketReassembler.cpp:5:
C/C++: In file included from /home/runner/work/Meowmdmdmmdd/Meowmdmdmmdd/MDGram/app/src/main/jni/voip/libtgvoip/PacketReassembler.h:12:
C/C++: In file included from /home/runner/work/Meowmdmdmmdd/Meowmdmdmmdd/MDGram/app/src/main/jni/voip/libtgvoip/Buffers.h:19:
C/C++: /home/runner/work/Meowmdmdmmdd/Meowmdmdmmdd/MDGram/app/src/main/jni/voip/libtgvoip/threading.h:110:8: warning: private field 'maxPriority' is not used [-Wunused-private-field]
C/C++: In file included from /home/runner/work/Meowmdmdmmdd/Meowmdmdmmdd/MDGram/app/src/main/jni/voip/libtgvoip/MessageThread.cpp:15:
C/C++: In file included from /home/runner/work/Meowmdmdmmdd/Meowmdmdmmdd/MDGram/app/src/main/jni/voip/libtgvoip/MessageThread.h:8:
C/C++: /home/runner/work/Meowmdmdmmdd/Meowmdmdmmdd/MDGram/app/src/main/jni/voip/libtgvoip/threading.h:110:8: warning: private field 'maxPriority' is not used [-Wunused-private-field]
C/C++: In file included from /home/runner/work/Meowmdmdmmdd/Meowmdmdmmdd/MDGram/app/src/main/jni/voip/libtgvoip/audio/AudioIO.cpp:19:
C/C++: /home/runner/work/Meowmdmdmmdd/Meowmdmdmmdd/MDGram/app/src/main/jni/voip/libtgvoip/audio/../os/android/AudioOutputAndroid.h:20:15: warning: 'Start' overrides a member function but is not marked 'override' [-Winconsistent-missing-override]
C/C++: /home/runner/work/Meowmdmdmmdd/Meowmdmdmmdd/MDGram/app/src/main/jni/voip/libtgvoip/audio/../MediaStreamItf.h:24:15: note: overridden virtual function is here
C/C++: In file included from /home/runner/work/Meowmdmdmmdd/Meowmdmdmmdd/MDGram/app/src/main/jni/voip/libtgvoip/audio/AudioIO.cpp:19:
C/C++: /home/runner/work/Meowmdmdmmdd/Meowmdmdmmdd/MDGram/app/src/main/jni/voip/libtgvoip/audio/../os/android/AudioOutputAndroid.h:21:15: warning: 'Stop' overrides a member function but is not marked 'override' [-Winconsistent-missing-override]
C/C++: /home/runner/work/Meowmdmdmmdd/Meowmdmdmmdd/MDGram/app/src/main/jni/voip/libtgvoip/audio/../MediaStreamItf.h:25:15: note: overridden virtual function is here
C/C++: In file included from /home/runner/work/Meowmdmdmmdd/Meowmdmdmmdd/MDGram/app/src/main/jni/voip/libtgvoip/audio/AudioIO.cpp:8:
C/C++: In file included from /home/runner/work/Meowmdmdmmdd/Meowmdmdmmdd/MDGram/app/src/main/jni/voip/libtgvoip/audio/AudioIO.h:11:
C/C++: In file included from /home/runner/work/Meowmdmdmmdd/Meowmdmdmmdd/MDGram/app/src/main/jni/voip/libtgvoip/audio/../os/android/../../audio/AudioInput.h:13:
C/C++: In file included from /home/runner/work/Meowmdmdmmdd/Meowmdmdmmdd/MDGram/app/src/main/jni/voip/libtgvoip/audio/../MediaStreamItf.h:14:
C/C++: /home/runner/work/Meowmdmdmmdd/Meowmdmdmmdd/MDGram/app/src/main/jni/voip/libtgvoip/audio/../os/android/../../threading.h:110:8: warning: private field 'maxPriority' is not used [-Wunused-private-field]
C/C++: In file included from /home/runner/work/Meowmdmdmmdd/Meowmdmdmmdd/MDGram/app/src/main/jni/voip/libtgvoip/os/posix/NetworkSocketPosix.cpp:7:
C/C++: In file included from /home/runner/work/Meowmdmdmmdd/Meowmdmdmmdd/MDGram/app/src/main/jni/voip/libtgvoip/os/posix/NetworkSocketPosix.h:11:
C/C++: In file included from /home/runner/work/Meowmdmdmmdd/Meowmdmdmmdd/MDGram/app/src/main/jni/voip/libtgvoip/Buffers.h:19:
C/C++: /home/runner/work/Meowmdmdmmdd/Meowmdmdmmdd/MDGram/app/src/main/jni/voip/libtgvoip/threading.h:110:8: warning: private field 'maxPriority' is not used [-Wunused-private-field]
C/C++: In file included from /home/runner/work/Meowmdmdmmdd/Meowmdmdmmdd/MDGram/app/src/main/jni/voip/libtgvoip/video/VideoRenderer.cpp:5:
C/C++: In file included from /home/runner/work/Meowmdmdmmdd/Meowmdmdmmdd/MDGram/app/src/main/jni/voip/libtgvoip/video/../os/android/../../video/VideoRenderer.h:9:
C/C++: In file included from /home/runner/work/Meowmdmdmmdd/Meowmdmdmmdd/MDGram/app/src/main/jni/voip/libtgvoip/video/../Buffers.h:19:
C/C++: /home/runner/work/Meowmdmdmmdd/Meowmdmdmmdd/MDGram/app/src/main/jni/voip/libtgvoip/threading.h:110:8: warning: private field 'maxPriority' is not used [-Wunused-private-field]
C/C++: In file included from /home/runner/work/Meowmdmdmmdd/Meowmdmdmmdd/MDGram/app/src/main/jni/voip/libtgvoip/video/VideoSource.cpp:5:
C/C++: In file included from /home/runner/work/Meowmdmdmmdd/Meowmdmdmmdd/MDGram/app/src/main/jni/voip/libtgvoip/video/../os/android/../../video/VideoSource.h:12:
C/C++: In file included from /home/runner/work/Meowmdmdmmdd/Meowmdmdmmdd/MDGram/app/src/main/jni/voip/libtgvoip/video/../os/android/../../Buffers.h:19:
C/C++: /home/runner/work/Meowmdmdmmdd/Meowmdmdmmdd/MDGram/app/src/main/jni/voip/libtgvoip/threading.h:110:8: warning: private field 'maxPriority' is not used [-Wunused-private-field]
C/C++: In file included from /home/runner/work/Meowmdmdmmdd/Meowmdmdmmdd/MDGram/app/src/main/jni/voip/tg_voip_jni.cpp:17:
C/C++: /home/runner/work/Meowmdmdmmdd/Meowmdmdmmdd/MDGram/app/src/main/jni/voip/libtgvoip/os/android/AudioOutputAndroid.h:20:15: warning: 'Start' overrides a member function but is not marked 'override' [-Winconsistent-missing-override]
C/C++: /home/runner/work/Meowmdmdmmdd/Meowmdmdmmdd/MDGram/app/src/main/jni/voip/libtgvoip/MediaStreamItf.h:24:15: note: overridden virtual function is here
C/C++: In file included from /home/runner/work/Meowmdmdmmdd/Meowmdmdmmdd/MDGram/app/src/main/jni/voip/tg_voip_jni.cpp:17:
C/C++: /home/runner/work/Meowmdmdmmdd/Meowmdmdmmdd/MDGram/app/src/main/jni/voip/libtgvoip/os/android/AudioOutputAndroid.h:21:15: warning: 'Stop' overrides a member function but is not marked 'override' [-Winconsistent-missing-override]
C/C++: /home/runner/work/Meowmdmdmmdd/Meowmdmdmmdd/MDGram/app/src/main/jni/voip/libtgvoip/MediaStreamItf.h:25:15: note: overridden virtual function is here
C/C++: In file included from /home/runner/work/Meowmdmdmmdd/Meowmdmdmmdd/MDGram/app/src/main/jni/voip/tg_voip_jni.cpp:22:
C/C++: /home/runner/work/Meowmdmdmmdd/Meowmdmdmmdd/MDGram/app/src/main/jni/voip/../c_utils.h:9:9: warning: 'LOGI' macro redefined [-Wmacro-redefined]
C/C++: /home/runner/work/Meowmdmdmmdd/Meowmdmdmmdd/MDGram/app/src/main/jni/voip/libtgvoip/logging.h:30:9: note: previous definition is here
C/C++: In file included from /home/runner/work/Meowmdmdmmdd/Meowmdmdmmdd/MDGram/app/src/main/jni/voip/tg_voip_jni.cpp:22:
C/C++: /home/runner/work/Meowmdmdmmdd/Meowmdmdmmdd/MDGram/app/src/main/jni/voip/../c_utils.h:10:9: warning: 'LOGD' macro redefined [-Wmacro-redefined]
C/C++: /home/runner/work/Meowmdmdmmdd/Meowmdmdmmdd/MDGram/app/src/main/jni/voip/libtgvoip/logging.h:29:9: note: previous definition is here
C/C++: In file included from /home/runner/work/Meowmdmdmmdd/Meowmdmdmmdd/MDGram/app/src/main/jni/voip/tg_voip_jni.cpp:22:
C/C++: /home/runner/work/Meowmdmdmmdd/Meowmdmdmmdd/MDGram/app/src/main/jni/voip/../c_utils.h:11:9: warning: 'LOGE' macro redefined [-Wmacro-redefined]
C/C++: /home/runner/work/Meowmdmdmmdd/Meowmdmdmmdd/MDGram/app/src/main/jni/voip/libtgvoip/logging.h:32:9: note: previous definition is here
C/C++: In file included from /home/runner/work/Meowmdmdmmdd/Meowmdmdmmdd/MDGram/app/src/main/jni/voip/tg_voip_jni.cpp:22:
C/C++: /home/runner/work/Meowmdmdmmdd/Meowmdmdmmdd/MDGram/app/src/main/jni/voip/../c_utils.h:12:9: warning: 'LOGV' macro redefined [-Wmacro-redefined]
C/C++: /home/runner/work/Meowmdmdmmdd/Meowmdmdmmdd/MDGram/app/src/main/jni/voip/libtgvoip/logging.h:28:9: note: previous definition is here
C/C++: In file included from /home/runner/work/Meowmdmdmmdd/Meowmdmdmmdd/MDGram/app/src/main/jni/voip/tg_voip_jni.cpp:12:
C/C++: In file included from /home/runner/work/Meowmdmdmmdd/Meowmdmdmmdd/MDGram/app/src/main/jni/voip/libtgvoip/VoIPServerConfig.h:13:
C/C++: /home/runner/work/Meowmdmdmmdd/Meowmdmdmmdd/MDGram/app/src/main/jni/voip/libtgvoip/os/android/../../threading.h:110:8: warning: private field 'maxPriority' is not used [-Wunused-private-field]
C/C++: /home/runner/work/Meowmdmdmmdd/Meowmdmdmmdd/MDGram/app/src/main/jni/voip/libtgvoip/video/ScreamCongestionController.cpp:23:29: warning: unused variable 'BETA_ECN' [-Wunused-const-variable]
C/C++: In file included from /home/runner/work/Meowmdmdmmdd/Meowmdmdmmdd/MDGram/app/src/main/jni/voip/libtgvoip/video/ScreamCongestionController.cpp:7:
C/C++: In file included from /home/runner/work/Meowmdmdmmdd/Meowmdmdmmdd/MDGram/app/src/main/jni/voip/libtgvoip/video/ScreamCongestionController.h:8:
C/C++: In file included from /home/runner/work/Meowmdmdmmdd/Meowmdmdmmdd/MDGram/app/src/main/jni/voip/libtgvoip/Buffers.h:19:
C/C++: /home/runner/work/Meowmdmdmmdd/Meowmdmdmmdd/MDGram/app/src/main/jni/voip/libtgvoip/threading.h:110:8: warning: private field 'maxPriority' is not used [-Wunused-private-field]
C/C++: In file included from /home/runner/work/Meowmdmdmmdd/Meowmdmdmmdd/MDGram/app/src/main/jni/voip/libtgvoip/os/android/VideoSourceAndroid.cpp:5:
C/C++: In file included from /home/runner/work/Meowmdmdmmdd/Meowmdmdmmdd/MDGram/app/src/main/jni/voip/libtgvoip/os/android/VideoSourceAndroid.h:8:
C/C++: In file included from /home/runner/work/Meowmdmdmmdd/Meowmdmdmmdd/MDGram/app/src/main/jni/voip/libtgvoip/os/android/../../video/VideoSource.h:12:
C/C++: In file included from /home/runner/work/Meowmdmdmmdd/Meowmdmdmmdd/MDGram/app/src/main/jni/voip/libtgvoip/os/android/../../Buffers.h:19:
C/C++: /home/runner/work/Meowmdmdmmdd/Meowmdmdmmdd/MDGram/app/src/main/jni/voip/libtgvoip/threading.h:110:8: warning: private field 'maxPriority' is not used [-Wunused-private-field]
C/C++: /home/runner/work/Meowmdmdmmdd/Meowmdmdmmdd/MDGram/app/src/main/jni/voip/libtgvoip/os/android/VideoRendererAndroid.cpp:87:19: warning: moving a temporary object prevents copy elision [-Wpessimizing-move]
C/C++: /home/runner/work/Meowmdmdmmdd/Meowmdmdmmdd/MDGram/app/src/main/jni/voip/libtgvoip/os/android/VideoRendererAndroid.cpp:87:19: note: remove std::move call here
C/C++: In file included from /home/runner/work/Meowmdmdmmdd/Meowmdmdmmdd/MDGram/app/src/main/jni/voip/libtgvoip/os/android/VideoRendererAndroid.cpp:5:
C/C++: In file included from /home/runner/work/Meowmdmdmmdd/Meowmdmdmmdd/MDGram/app/src/main/jni/voip/libtgvoip/os/android/VideoRendererAndroid.h:8:
C/C++: In file included from /home/runner/work/Meowmdmdmmdd/Meowmdmdmmdd/MDGram/app/src/main/jni/voip/libtgvoip/os/android/../../video/VideoRenderer.h:9:
C/C++: In file included from /home/runner/work/Meowmdmdmmdd/Meowmdmdmmdd/MDGram/app/src/main/jni/voip/libtgvoip/os/android/../../Buffers.h:19:
C/C++: /home/runner/work/Meowmdmdmmdd/Meowmdmdmmdd/MDGram/app/src/main/jni/voip/libtgvoip/threading.h:110:8: warning: private field 'maxPriority' is not used [-Wunused-private-field]
C/C++: /home/runner/work/Meowmdmdmmdd/Meowmdmdmmdd/MDGram/app/src/main/jni/voip/libtgvoip/VoIPController.cpp:2120:81: warning: format specifies type 'unsigned int' but the argument has type 'std::__ndk1::vector<unsigned int, std::__ndk1::allocator<unsigned int> >::size_type' (aka 'unsigned long') [-Wformat]
C/C++: /home/runner/work/Meowmdmdmmdd/Meowmdmdmmdd/MDGram/app/src/main/jni/voip/libtgvoip/logging.h:32:74: note: expanded from macro 'LOGE'
C/C++: /home/runner/work/Meowmdmdmmdd/Meowmdmdmmdd/MDGram/app/src/main/jni/voip/libtgvoip/logging.h:26:24: note: expanded from macro '_LOG_WRAP'
C/C++: /home/runner/work/Meowmdmdmmdd/Meowmdmdmmdd/MDGram/app/src/main/jni/voip/libtgvoip/VoIPController.cpp:2129:80: warning: format specifies type 'unsigned int' but the argument has type 'std::__ndk1::vector<unsigned int, std::__ndk1::allocator<unsigned int> >::size_type' (aka 'unsigned long') [-Wformat]
C/C++: /home/runner/work/Meowmdmdmmdd/Meowmdmdmmdd/MDGram/app/src/main/jni/voip/libtgvoip/logging.h:32:74: note: expanded from macro 'LOGE'
C/C++: /home/runner/work/Meowmdmdmmdd/Meowmdmdmmdd/MDGram/app/src/main/jni/voip/libtgvoip/logging.h:26:24: note: expanded from macro '_LOG_WRAP'
C/C++: In file included from /home/runner/work/Meowmdmdmmdd/Meowmdmdmmdd/MDGram/app/src/main/jni/voip/libtgvoip/VoIPController.cpp:14:
C/C++: In file included from /home/runner/work/Meowmdmdmmdd/Meowmdmdmmdd/MDGram/app/src/main/jni/voip/libtgvoip/VoIPController.h:24:
C/C++: In file included from /home/runner/work/Meowmdmdmmdd/Meowmdmdmmdd/MDGram/app/src/main/jni/voip/libtgvoip/video/VideoSource.h:12:
C/C++: In file included from /home/runner/work/Meowmdmdmmdd/Meowmdmdmmdd/MDGram/app/src/main/jni/voip/libtgvoip/os/android/../../Buffers.h:19:
C/C++: /home/runner/work/Meowmdmdmmdd/Meowmdmdmmdd/MDGram/app/src/main/jni/voip/libtgvoip/os/android/../../threading.h:110:8: warning: private field 'maxPriority' is not used [-Wunused-private-field]
C/C++: /home/runner/work/Meowmdmdmmdd/Meowmdmdmmdd/MDGram/app/src/main/jni/voip/tgcalls/NetworkManager.cpp:173:33: warning: 'P2PTransportChannel' is deprecated: bugs.webrtc.org/12598 [-Wdeprecated-declarations]
C/C++: /home/runner/work/Meowmdmdmmdd/Meowmdmdmmdd/MDGram/app/src/main/jni/voip/webrtc/p2p/base/p2p_transport_channel.h:117:3: note: 'P2PTransportChannel' has been explicitly marked deprecated here
C/C++: /home/runner/work/Meowmdmdmmdd/Meowmdmdmmdd/MDGram/app/src/main/jni/voip/webrtc/absl/base/attributes.h:671:49: note: expanded from macro 'ABSL_DEPRECATED'
C/C++: In file included from /home/runner/work/Meowmdmdmmdd/Meowmdmdmmdd/MDGram/app/src/main/jni/voip/tgcalls/legacy/InstanceImplLegacy.cpp:1:
C/C++: In file included from /home/runner/work/Meowmdmdmmdd/Meowmdmdmmdd/MDGram/app/src/main/jni/voip/tgcalls/legacy/InstanceImplLegacy.h:6:
C/C++: In file included from /home/runner/work/Meowmdmdmmdd/Meowmdmdmmdd/MDGram/app/src/main/jni/voip/libtgvoip/VoIPController.h:24:
C/C++: In file included from /home/runner/work/Meowmdmdmmdd/Meowmdmdmmdd/MDGram/app/src/main/jni/voip/libtgvoip/video/VideoSource.h:12:
C/C++: In file included from /home/runner/work/Meowmdmdmmdd/Meowmdmdmmdd/MDGram/app/src/main/jni/voip/libtgvoip/Buffers.h:19:
C/C++: /home/runner/work/Meowmdmdmmdd/Meowmdmdmmdd/MDGram/app/src/main/jni/voip/libtgvoip/threading.h:110:8: warning: private field 'maxPriority' is not used [-Wunused-private-field]
C/C++: /home/runner/work/Meowmdmdmmdd/Meowmdmdmmdd/MDGram/app/src/main/jni/voip/tgcalls/VideoCaptureInterfaceImpl.cpp:171:1: warning: field '_platformContext' will be initialized after field '_impl' [-Wreorder]
C/C++: /home/runner/work/Meowmdmdmmdd/Meowmdmdmmdd/MDGram/app/src/main/jni/voip/tgcalls/group/AudioStreamingPart.cpp:17:10: warning: unused function 'stringToUInt32' [-Wunused-function]
C/C++: /home/runner/work/Meowmdmdmmdd/Meowmdmdmmdd/MDGram/app/src/main/jni/voip/tgcalls/group/AudioStreamingPart.cpp:33:26: warning: unused function 'splitString' [-Wunused-function]
C/C++: /home/runner/work/Meowmdmdmmdd/Meowmdmdmmdd/MDGram/app/src/main/jni/voip/tgcalls/group/AudioStreamingPart.cpp:57:35: warning: unused function 'parseChannelUpdates' [-Wunused-function]
C/C++: /home/runner/work/Meowmdmdmmdd/Meowmdmdmmdd/MDGram/app/src/main/jni/voip/tgcalls/group/GroupNetworkManager.cpp:362:33: warning: 'P2PTransportChannel' is deprecated: bugs.webrtc.org/12598 [-Wdeprecated-declarations]
C/C++: /home/runner/work/Meowmdmdmmdd/Meowmdmdmmdd/MDGram/app/src/main/jni/voip/webrtc/p2p/base/p2p_transport_channel.h:117:3: note: 'P2PTransportChannel' has been explicitly marked deprecated here
C/C++: /home/runner/work/Meowmdmdmmdd/Meowmdmdmmdd/MDGram/app/src/main/jni/voip/webrtc/absl/base/attributes.h:671:49: note: expanded from macro 'ABSL_DEPRECATED'
C/C++: /home/runner/work/Meowmdmdmmdd/Meowmdmdmmdd/MDGram/app/src/main/jni/voip/tgcalls/group/GroupInstanceCustomImpl.cpp:476:10: warning: private field '_countFrames' is not used [-Wunused-private-field]
C/C++: /home/runner/work/Meowmdmdmmdd/Meowmdmdmmdd/MDGram/app/src/main/jni/voip/webrtc/common_video/h265/legacy_bit_buffer.cc:36:9: warning: unused function 'HighestByte' [-Wunused-function]
C/C++: /home/runner/work/Meowmdmdmmdd/Meowmdmdmmdd/MDGram/app/src/main/jni/voip/webrtc/common_video/h265/legacy_bit_buffer.cc:43:9: warning: unused function 'WritePartialByte' [-Wunused-function]
C/C++: In file included from /home/runner/work/Meowmdmdmmdd/Meowmdmdmmdd/MDGram/app/src/main/jni/voip/webrtc/sdk/android/src/jni/pc/peer_connection.cc:44:
C/C++: /home/runner/work/Meowmdmdmmdd/Meowmdmdmmdd/MDGram/app/src/main/jni/voip/webrtc/sdk/android/generated_peerconnection_jni/PeerConnection_jni.h:883:13: warning: unused function 'Java_Observer_onIceCandidateError' [-Wunused-function]
C/C++: /home/runner/work/Meowmdmdmmdd/Meowmdmdmmdd/MDGram/app/src/main/jni/voip/org_telegram_messenger_voip_Instance.cpp:312:88: warning: adding 'jint' (aka 'int') to a string does not append to the string [-Wstring-plus-int]
C/C++: /home/runner/work/Meowmdmdmmdd/Meowmdmdmmdd/MDGram/app/src/main/jni/voip/org_telegram_messenger_voip_Instance.cpp:312:88: note: use array indexing to silence this warning
C/C++: In file included from /home/runner/work/Meowmdmdmmdd/Meowmdmdmmdd/MDGram/app/src/main/jni/voip/org_telegram_messenger_voip_Instance.cpp:20:
C/C++: In file included from /home/runner/work/Meowmdmdmmdd/Meowmdmdmmdd/MDGram/app/src/main/jni/voip/tgcalls/legacy/InstanceImplLegacy.h:6:
C/C++: In file included from /home/runner/work/Meowmdmdmmdd/Meowmdmdmmdd/MDGram/app/src/main/jni/voip/libtgvoip/VoIPController.h:24:
C/C++: In file included from /home/runner/work/Meowmdmdmmdd/Meowmdmdmmdd/MDGram/app/src/main/jni/voip/libtgvoip/video/VideoSource.h:12:
C/C++: In file included from /home/runner/work/Meowmdmdmmdd/Meowmdmdmmdd/MDGram/app/src/main/jni/voip/libtgvoip/os/android/../../Buffers.h:19:
C/C++: /home/runner/work/Meowmdmdmmdd/Meowmdmdmmdd/MDGram/app/src/main/jni/voip/libtgvoip/threading.h:110:8: warning: private field 'maxPriority' is not used [-Wunused-private-field]

> Task :app:configureCMakeRelWithDebInfo[armeabi-v7a]
C/C++: CMake Warning (dev) in CMakeLists.txt:
C/C++:   No project() command is present.  The top-level CMakeLists.txt file must
C/C++:   contain a literal, direct call to the project() command.  Add a line of
C/C++:   code such as
C/C++:     project(ProjectName)
C/C++:   near the top of the file, but after cmake_minimum_required().
C/C++:   CMake is pretending there is a "project(Project)" command on the first
C/C++:   line.
C/C++: This warning is for project developers.  Use -Wno-dev to suppress it.

> Task :app:buildCMakeRelWithDebInfo[armeabi-v7a]
C/C++: ninja: Entering directory `/home/runner/work/Meowmdmdmmdd/Meowmdmdmmdd/MDGram/app/.cxx/RelWithDebInfo/3pb235i4/armeabi-v7a'
C/C++: /home/runner/work/Meowmdmdmmdd/Meowmdmdmmdd/MDGram/app/src/main/jni/rlottie/src/lottie/lottiemodel.cpp:211:73: warning: '&&' within '||' [-Wlogical-op-parentheses]
C/C++: /home/runner/work/Meowmdmdmmdd/Meowmdmdmmdd/MDGram/app/src/main/jni/rlottie/src/lottie/lottiemodel.cpp:211:73: note: place parentheses around the '&&' expression to silence this warning
C/C++: /home/runner/work/Meowmdmdmmdd/Meowmdmdmmdd/MDGram/app/src/main/jni/tgnet/Connection.cpp:223:93: warning: '&&' within '||' [-Wlogical-op-parentheses]
C/C++: /home/runner/work/Meowmdmdmmdd/Meowmdmdmmdd/MDGram/app/src/main/jni/tgnet/Connection.cpp:223:93: note: place parentheses around the '&&' expression to silence this warning
C/C++: /home/runner/work/Meowmdmdmmdd/Meowmdmdmmdd/MDGram/app/src/main/jni/tgnet/Connection.cpp:531:223: warning: '&&' within '||' [-Wlogical-op-parentheses]
C/C++: /home/runner/work/Meowmdmdmmdd/Meowmdmdmmdd/MDGram/app/src/main/jni/tgnet/Connection.cpp:531:223: note: place parentheses around the '&&' expression to silence this warning
C/C++: /home/runner/work/Meowmdmdmmdd/Meowmdmdmmdd/MDGram/app/src/main/jni/tgnet/Connection.cpp:664:57: warning: '&&' within '||' [-Wlogical-op-parentheses]
C/C++: /home/runner/work/Meowmdmdmmdd/Meowmdmdmmdd/MDGram/app/src/main/jni/tgnet/Connection.cpp:664:57: note: place parentheses around the '&&' expression to silence this warning
C/C++: /home/runner/work/Meowmdmdmmdd/Meowmdmdmmdd/MDGram/app/src/main/jni/tgnet/Connection.cpp:718:62: warning: '&&' within '||' [-Wlogical-op-parentheses]
C/C++: /home/runner/work/Meowmdmdmmdd/Meowmdmdmmdd/MDGram/app/src/main/jni/tgnet/Connection.cpp:718:62: note: place parentheses around the '&&' expression to silence this warning
C/C++: /home/runner/work/Meowmdmdmmdd/Meowmdmdmmdd/MDGram/app/src/main/jni/tgnet/Connection.cpp:718:147: warning: '&&' within '||' [-Wlogical-op-parentheses]
C/C++: /home/runner/work/Meowmdmdmmdd/Meowmdmdmmdd/MDGram/app/src/main/jni/tgnet/Connection.cpp:718:147: note: place parentheses around the '&&' expression to silence this warning
C/C++: /home/runner/work/Meowmdmdmmdd/Meowmdmdmmdd/MDGram/app/src/main/jni/tgnet/ApiScheme.cpp:483:21: warning: unused variable 'document_id' [-Wunused-variable]
C/C++: /home/runner/work/Meowmdmdmmdd/Meowmdmdmmdd/MDGram/app/src/main/jni/tgnet/ApiScheme.cpp:486:21: warning: unused variable 'document_id' [-Wunused-variable]
C/C++: /home/runner/work/Meowmdmdmmdd/Meowmdmdmmdd/MDGram/app/src/main/jni/tgnet/ApiScheme.cpp:487:17: warning: unused variable 'until' [-Wunused-variable]
C/C++: /home/runner/work/Meowmdmdmmdd/Meowmdmdmmdd/MDGram/app/src/main/jni/tgnet/ConnectionSocket.cpp:970:29: warning: '&&' within '||' [-Wlogical-op-parentheses]
C/C++: /home/runner/work/Meowmdmdmmdd/Meowmdmdmmdd/MDGram/app/src/main/jni/tgnet/ConnectionSocket.cpp:970:29: note: place parentheses around the '&&' expression to silence this warning
C/C++: /home/runner/work/Meowmdmdmmdd/Meowmdmdmmdd/MDGram/app/src/main/jni/tgnet/Request.cpp:86:19: warning: '&&' within '||' [-Wlogical-op-parentheses]
C/C++: /home/runner/work/Meowmdmdmmdd/Meowmdmdmmdd/MDGram/app/src/main/jni/tgnet/Request.cpp:86:19: note: place parentheses around the '&&' expression to silence this warning
C/C++: /home/runner/work/Meowmdmdmmdd/Meowmdmdmmdd/MDGram/app/src/main/jni/tgnet/Request.cpp:86:77: warning: '&&' within '||' [-Wlogical-op-parentheses]
C/C++: /home/runner/work/Meowmdmdmmdd/Meowmdmdmmdd/MDGram/app/src/main/jni/tgnet/Request.cpp:86:77: note: place parentheses around the '&&' expression to silence this warning
C/C++: /home/runner/work/Meowmdmdmmdd/Meowmdmdmmdd/MDGram/app/src/main/jni/tgnet/Datacenter.cpp:199:62: warning: '&&' within '||' [-Wlogical-op-parentheses]
C/C++: /home/runner/work/Meowmdmdmmdd/Meowmdmdmmdd/MDGram/app/src/main/jni/tgnet/Datacenter.cpp:199:62: note: place parentheses around the '&&' expression to silence this warning
C/C++: /home/runner/work/Meowmdmdmmdd/Meowmdmdmmdd/MDGram/app/src/main/jni/tgnet/Datacenter.cpp:257:62: warning: '&&' within '||' [-Wlogical-op-parentheses]
C/C++: /home/runner/work/Meowmdmdmmdd/Meowmdmdmmdd/MDGram/app/src/main/jni/tgnet/Datacenter.cpp:257:62: note: place parentheses around the '&&' expression to silence this warning
C/C++: /home/runner/work/Meowmdmdmmdd/Meowmdmdmmdd/MDGram/app/src/main/jni/tgnet/Datacenter.cpp:377:62: warning: '&&' within '||' [-Wlogical-op-parentheses]
C/C++: /home/runner/work/Meowmdmdmmdd/Meowmdmdmmdd/MDGram/app/src/main/jni/tgnet/Datacenter.cpp:377:62: note: place parentheses around the '&&' expression to silence this warning
C/C++: /home/runner/work/Meowmdmdmmdd/Meowmdmdmmdd/MDGram/app/src/main/jni/tgnet/Datacenter.cpp:446:62: warning: '&&' within '||' [-Wlogical-op-parentheses]
C/C++: /home/runner/work/Meowmdmdmmdd/Meowmdmdmmdd/MDGram/app/src/main/jni/tgnet/Datacenter.cpp:446:62: note: place parentheses around the '&&' expression to silence this warning
C/C++: /home/runner/work/Meowmdmdmmdd/Meowmdmdmmdd/MDGram/app/src/main/jni/tgnet/ConnectionsManager.cpp:1834:101: warning: expression with side effects will be evaluated despite being used as an operand to 'typeid' [-Wpotentially-evaluated-expression]
C/C++: /home/runner/work/Meowmdmdmmdd/Meowmdmdmmdd/MDGram/app/src/main/jni/tgnet/ConnectionsManager.cpp:2692:155: warning: expression with side effects will be evaluated despite being used as an operand to 'typeid' [-Wpotentially-evaluated-expression]
C/C++: /home/runner/work/Meowmdmdmmdd/Meowmdmdmmdd/MDGram/app/src/main/jni/tgnet/ConnectionsManager.cpp:2875:17: warning: unused variable 'is_inited' [-Wunused-variable]
C/C++: /home/runner/work/Meowmdmdmmdd/Meowmdmdmmdd/MDGram/app/src/main/jni/tgnet/ConnectionsManager.cpp:2907:43: warning: array subscript is of type 'char' [-Wchar-subscripts]
C/C++: In file included from /home/runner/work/Meowmdmdmmdd/Meowmdmdmmdd/MDGram/app/src/main/jni/voip/libtgvoip/video/VideoRenderer.cpp:5:
C/C++: In file included from /home/runner/work/Meowmdmdmmdd/Meowmdmdmmdd/MDGram/app/src/main/jni/voip/libtgvoip/video/../os/android/../../video/VideoRenderer.h:9:
C/C++: In file included from /home/runner/work/Meowmdmdmmdd/Meowmdmdmmdd/MDGram/app/src/main/jni/voip/libtgvoip/video/../Buffers.h:19:
C/C++: /home/runner/work/Meowmdmdmmdd/Meowmdmdmmdd/MDGram/app/src/main/jni/voip/libtgvoip/threading.h:110:8: warning: private field 'maxPriority' is not used [-Wunused-private-field]
C/C++: In file included from /home/runner/work/Meowmdmdmmdd/Meowmdmdmmdd/MDGram/app/src/main/jni/rlottie/src/vector/vraster.cpp:22:
C/C++: In file included from /home/runner/work/Meowmdmdmmdd/Meowmdmdmmdd/MDGram/app/src/main/jni/./tgnet/FileLog.h:12:
C/C++: /home/runner/work/Meowmdmdmmdd/Meowmdmdmmdd/MDGram/app/src/main/jni/./tgnet/Defines.h:140:16: warning: 'ConnectiosManagerDelegate' has virtual functions but non-virtual destructor [-Wnon-virtual-dtor]
C/C++: /home/runner/work/Meowmdmdmmdd/Meowmdmdmmdd/MDGram/app/src/main/jni/./tgnet/Defines.h:156:16: warning: 'HandshakeDelegate' has virtual functions but non-virtual destructor [-Wnon-virtual-dtor]
C/C++: In file included from /home/runner/work/Meowmdmdmmdd/Meowmdmdmmdd/MDGram/app/src/main/jni/rlottie/src/lottie/lottieparser.cpp:58:
C/C++: In file included from /home/runner/work/Meowmdmdmmdd/Meowmdmdmmdd/MDGram/app/src/main/jni/./tgnet/FileLog.h:12:
C/C++: /home/runner/work/Meowmdmdmmdd/Meowmdmdmmdd/MDGram/app/src/main/jni/./tgnet/Defines.h:140:16: warning: 'ConnectiosManagerDelegate' has virtual functions but non-virtual destructor [-Wnon-virtual-dtor]
C/C++: /home/runner/work/Meowmdmdmmdd/Meowmdmdmmdd/MDGram/app/src/main/jni/./tgnet/Defines.h:156:16: warning: 'HandshakeDelegate' has virtual functions but non-virtual destructor [-Wnon-virtual-dtor]
C/C++: /home/runner/work/Meowmdmdmmdd/Meowmdmdmmdd/MDGram/app/src/main/jni/rlottie/src/lottie/lottieparser.cpp:186:60: warning: field 'colorMap' will be initialized after field 'mFitzModifier' [-Wreorder]
C/C++: In file included from /home/runner/work/Meowmdmdmmdd/Meowmdmdmmdd/MDGram/app/src/main/jni/voip/libtgvoip/logging.cpp:12:
C/C++: In file included from /home/runner/work/Meowmdmdmmdd/Meowmdmdmmdd/MDGram/app/src/main/jni/voip/libtgvoip/VoIPController.h:24:
C/C++: In file included from /home/runner/work/Meowmdmdmmdd/Meowmdmdmmdd/MDGram/app/src/main/jni/voip/libtgvoip/video/VideoSource.h:12:
C/C++: In file included from /home/runner/work/Meowmdmdmmdd/Meowmdmdmmdd/MDGram/app/src/main/jni/voip/libtgvoip/Buffers.h:19:
C/C++: /home/runner/work/Meowmdmdmmdd/Meowmdmdmmdd/MDGram/app/src/main/jni/voip/libtgvoip/threading.h:110:8: warning: private field 'maxPriority' is not used [-Wunused-private-field]
C/C++: In file included from /home/runner/work/Meowmdmdmmdd/Meowmdmdmmdd/MDGram/app/src/main/jni/voip/libtgvoip/BlockingQueue.cpp:7:
C/C++: In file included from /home/runner/work/Meowmdmdmmdd/Meowmdmdmmdd/MDGram/app/src/main/jni/voip/libtgvoip/BlockingQueue.h:12:
C/C++: /home/runner/work/Meowmdmdmmdd/Meowmdmdmmdd/MDGram/app/src/main/jni/voip/libtgvoip/threading.h:110:8: warning: private field 'maxPriority' is not used [-Wunused-private-field]
C/C++: In file included from /home/runner/work/Meowmdmdmmdd/Meowmdmdmmdd/MDGram/app/src/main/jni/voip/libtgvoip/Buffers.cpp:7:
C/C++: In file included from /home/runner/work/Meowmdmdmmdd/Meowmdmdmmdd/MDGram/app/src/main/jni/voip/libtgvoip/Buffers.h:19:
C/C++: /home/runner/work/Meowmdmdmmdd/Meowmdmdmmdd/MDGram/app/src/main/jni/voip/libtgvoip/threading.h:110:8: warning: private field 'maxPriority' is not used [-Wunused-private-field]
C/C++: In file included from /home/runner/work/Meowmdmdmmdd/Meowmdmdmmdd/MDGram/app/src/main/jni/voip/libtgvoip/audio/AudioInput.cpp:7:
C/C++: In file included from /home/runner/work/Meowmdmdmmdd/Meowmdmdmmdd/MDGram/app/src/main/jni/voip/libtgvoip/audio/../os/android/../../audio/AudioInput.h:13:
C/C++: In file included from /home/runner/work/Meowmdmdmmdd/Meowmdmdmmdd/MDGram/app/src/main/jni/voip/libtgvoip/audio/../MediaStreamItf.h:14:
C/C++: /home/runner/work/Meowmdmdmmdd/Meowmdmdmmdd/MDGram/app/src/main/jni/voip/libtgvoip/audio/../os/android/../../threading.h:110:8: warning: private field 'maxPriority' is not used [-Wunused-private-field]
C/C++: In file included from /home/runner/work/Meowmdmdmmdd/Meowmdmdmmdd/MDGram/app/src/main/jni/voip/libtgvoip/os/android/AudioInputOpenSLES.cpp:11:
C/C++: In file included from /home/runner/work/Meowmdmdmmdd/Meowmdmdmmdd/MDGram/app/src/main/jni/voip/libtgvoip/os/android/AudioInputOpenSLES.h:13:
C/C++: In file included from /home/runner/work/Meowmdmdmmdd/Meowmdmdmmdd/MDGram/app/src/main/jni/voip/libtgvoip/os/android/../../audio/AudioInput.h:13:
C/C++: In file included from /home/runner/work/Meowmdmdmmdd/Meowmdmdmmdd/MDGram/app/src/main/jni/voip/libtgvoip/os/android/../../audio/../MediaStreamItf.h:14:
C/C++: /home/runner/work/Meowmdmdmmdd/Meowmdmdmmdd/MDGram/app/src/main/jni/voip/libtgvoip/threading.h:110:8: warning: private field 'maxPriority' is not used [-Wunused-private-field]
C/C++: In file included from /home/runner/work/Meowmdmdmmdd/Meowmdmdmmdd/MDGram/app/src/main/jni/voip/libtgvoip/MediaStreamItf.cpp:8:
C/C++: In file included from /home/runner/work/Meowmdmdmmdd/Meowmdmdmmdd/MDGram/app/src/main/jni/voip/libtgvoip/MediaStreamItf.h:14:
C/C++: /home/runner/work/Meowmdmdmmdd/Meowmdmdmmdd/MDGram/app/src/main/jni/voip/libtgvoip/threading.h:110:8: warning: private field 'maxPriority' is not used [-Wunused-private-field]
C/C++: In file included from /home/runner/work/Meowmdmdmmdd/Meowmdmdmmdd/MDGram/app/src/main/jni/voip/libtgvoip/VoIPGroupController.cpp:7:
C/C++: In file included from /home/runner/work/Meowmdmdmmdd/Meowmdmdmmdd/MDGram/app/src/main/jni/voip/libtgvoip/VoIPController.h:24:
C/C++: In file included from /home/runner/work/Meowmdmdmmdd/Meowmdmdmmdd/MDGram/app/src/main/jni/voip/libtgvoip/video/VideoSource.h:12:
C/C++: In file included from /home/runner/work/Meowmdmdmmdd/Meowmdmdmmdd/MDGram/app/src/main/jni/voip/libtgvoip/Buffers.h:19:
C/C++: /home/runner/work/Meowmdmdmmdd/Meowmdmdmmdd/MDGram/app/src/main/jni/voip/libtgvoip/threading.h:110:8: warning: private field 'maxPriority' is not used [-Wunused-private-field]
C/C++: In file included from /home/runner/work/Meowmdmdmmdd/Meowmdmdmmdd/MDGram/app/src/main/jni/voip/libtgvoip/audio/AudioOutput.cpp:19:
C/C++: /home/runner/work/Meowmdmdmmdd/Meowmdmdmmdd/MDGram/app/src/main/jni/voip/libtgvoip/audio/../os/android/AudioOutputAndroid.h:20:15: warning: 'Start' overrides a member function but is not marked 'override' [-Winconsistent-missing-override]
C/C++: /home/runner/work/Meowmdmdmmdd/Meowmdmdmmdd/MDGram/app/src/main/jni/voip/libtgvoip/audio/../MediaStreamItf.h:24:15: note: overridden virtual function is here
C/C++: In file included from /home/runner/work/Meowmdmdmmdd/Meowmdmdmmdd/MDGram/app/src/main/jni/voip/libtgvoip/audio/AudioOutput.cpp:19:
C/C++: /home/runner/work/Meowmdmdmmdd/Meowmdmdmmdd/MDGram/app/src/main/jni/voip/libtgvoip/audio/../os/android/AudioOutputAndroid.h:21:15: warning: 'Stop' overrides a member function but is not marked 'override' [-Winconsistent-missing-override]
C/C++: /home/runner/work/Meowmdmdmmdd/Meowmdmdmmdd/MDGram/app/src/main/jni/voip/libtgvoip/audio/../MediaStreamItf.h:25:15: note: overridden virtual function is here
C/C++: In file included from /home/runner/work/Meowmdmdmmdd/Meowmdmdmmdd/MDGram/app/src/main/jni/voip/libtgvoip/audio/AudioOutput.cpp:7:
C/C++: In file included from /home/runner/work/Meowmdmdmmdd/Meowmdmdmmdd/MDGram/app/src/main/jni/voip/libtgvoip/audio/../os/android/../../audio/AudioOutput.h:14:
C/C++: In file included from /home/runner/work/Meowmdmdmmdd/Meowmdmdmmdd/MDGram/app/src/main/jni/voip/libtgvoip/audio/../MediaStreamItf.h:14:
C/C++: /home/runner/work/Meowmdmdmmdd/Meowmdmdmmdd/MDGram/app/src/main/jni/voip/libtgvoip/threading.h:110:8: warning: private field 'maxPriority' is not used [-Wunused-private-field]
C/C++: In file included from /home/runner/work/Meowmdmdmmdd/Meowmdmdmmdd/MDGram/app/src/main/jni/voip/libtgvoip/OpusEncoder.cpp:7:
C/C++: In file included from /home/runner/work/Meowmdmdmmdd/Meowmdmdmmdd/MDGram/app/src/main/jni/voip/libtgvoip/OpusEncoder.h:11:
C/C++: In file included from /home/runner/work/Meowmdmdmmdd/Meowmdmdmmdd/MDGram/app/src/main/jni/voip/libtgvoip/MediaStreamItf.h:14:
C/C++: /home/runner/work/Meowmdmdmmdd/Meowmdmdmmdd/MDGram/app/src/main/jni/voip/libtgvoip/threading.h:110:8: warning: private field 'maxPriority' is not used [-Wunused-private-field]
C/C++: In file included from /home/runner/work/Meowmdmdmmdd/Meowmdmdmmdd/MDGram/app/src/main/jni/voip/libtgvoip/os/android/AudioOutputOpenSLES.cpp:10:
C/C++: In file included from /home/runner/work/Meowmdmdmmdd/Meowmdmdmmdd/MDGram/app/src/main/jni/voip/libtgvoip/os/android/AudioOutputOpenSLES.h:13:
C/C++: In file included from /home/runner/work/Meowmdmdmmdd/Meowmdmdmmdd/MDGram/app/src/main/jni/voip/libtgvoip/audio/AudioOutput.h:14:
C/C++: In file included from /home/runner/work/Meowmdmdmmdd/Meowmdmdmmdd/MDGram/app/src/main/jni/voip/libtgvoip/MediaStreamItf.h:14:
C/C++: /home/runner/work/Meowmdmdmmdd/Meowmdmdmmdd/MDGram/app/src/main/jni/voip/libtgvoip/os/android/../../threading.h:110:8: warning: private field 'maxPriority' is not used [-Wunused-private-field]
C/C++: In file included from /home/runner/work/Meowmdmdmmdd/Meowmdmdmmdd/MDGram/app/src/main/jni/voip/libtgvoip/JitterBuffer.cpp:7:
C/C++: In file included from /home/runner/work/Meowmdmdmmdd/Meowmdmdmmdd/MDGram/app/src/main/jni/voip/libtgvoip/VoIPController.h:24:
C/C++: In file included from /home/runner/work/Meowmdmdmmdd/Meowmdmdmmdd/MDGram/app/src/main/jni/voip/libtgvoip/video/VideoSource.h:12:
C/C++: In file included from /home/runner/work/Meowmdmdmmdd/Meowmdmdmmdd/MDGram/app/src/main/jni/voip/libtgvoip/Buffers.h:19:
C/C++: /home/runner/work/Meowmdmdmmdd/Meowmdmdmmdd/MDGram/app/src/main/jni/voip/libtgvoip/threading.h:110:8: warning: private field 'maxPriority' is not used [-Wunused-private-field]
C/C++: In file included from /home/runner/work/Meowmdmdmmdd/Meowmdmdmmdd/MDGram/app/src/main/jni/voip/libtgvoip/EchoCanceller.cpp:12:
C/C++: In file included from /home/runner/work/Meowmdmdmmdd/Meowmdmdmmdd/MDGram/app/src/main/jni/voip/libtgvoip/EchoCanceller.h:10:
C/C++: /home/runner/work/Meowmdmdmmdd/Meowmdmdmmdd/MDGram/app/src/main/jni/voip/libtgvoip/threading.h:110:8: warning: private field 'maxPriority' is not used [-Wunused-private-field]
C/C++: In file included from /home/runner/work/Meowmdmdmmdd/Meowmdmdmmdd/MDGram/app/src/main/jni/voip/libtgvoip/OpusDecoder.cpp:7:
C/C++: In file included from /home/runner/work/Meowmdmdmmdd/Meowmdmdmmdd/MDGram/app/src/main/jni/voip/libtgvoip/OpusDecoder.h:11:
C/C++: In file included from /home/runner/work/Meowmdmdmmdd/Meowmdmdmmdd/MDGram/app/src/main/jni/voip/libtgvoip/audio/../MediaStreamItf.h:14:
C/C++: /home/runner/work/Meowmdmdmmdd/Meowmdmdmmdd/MDGram/app/src/main/jni/voip/libtgvoip/threading.h:110:8: warning: private field 'maxPriority' is not used [-Wunused-private-field]
C/C++: In file included from /home/runner/work/Meowmdmdmmdd/Meowmdmdmmdd/MDGram/app/src/main/jni/voip/libtgvoip/os/android/AudioOutputAndroid.cpp:7:
C/C++: /home/runner/work/Meowmdmdmmdd/Meowmdmdmmdd/MDGram/app/src/main/jni/voip/libtgvoip/os/android/AudioOutputAndroid.h:20:15: warning: 'Start' overrides a member function but is not marked 'override' [-Winconsistent-missing-override]
C/C++: /home/runner/work/Meowmdmdmmdd/Meowmdmdmmdd/MDGram/app/src/main/jni/voip/libtgvoip/os/android/../../audio/../MediaStreamItf.h:24:15: note: overridden virtual function is here
C/C++: In file included from /home/runner/work/Meowmdmdmmdd/Meowmdmdmmdd/MDGram/app/src/main/jni/voip/libtgvoip/os/android/AudioOutputAndroid.cpp:7:
C/C++: /home/runner/work/Meowmdmdmmdd/Meowmdmdmmdd/MDGram/app/src/main/jni/voip/libtgvoip/os/android/AudioOutputAndroid.h:21:15: warning: 'Stop' overrides a member function but is not marked 'override' [-Winconsistent-missing-override]
C/C++: /home/runner/work/Meowmdmdmmdd/Meowmdmdmmdd/MDGram/app/src/main/jni/voip/libtgvoip/os/android/../../audio/../MediaStreamItf.h:25:15: note: overridden virtual function is here
C/C++: In file included from /home/runner/work/Meowmdmdmmdd/Meowmdmdmmdd/MDGram/app/src/main/jni/voip/libtgvoip/os/android/AudioOutputAndroid.cpp:7:
C/C++: In file included from /home/runner/work/Meowmdmdmmdd/Meowmdmdmmdd/MDGram/app/src/main/jni/voip/libtgvoip/os/android/AudioOutputAndroid.h:11:
C/C++: In file included from /home/runner/work/Meowmdmdmmdd/Meowmdmdmmdd/MDGram/app/src/main/jni/voip/libtgvoip/os/android/../../audio/AudioOutput.h:14:
C/C++: In file included from /home/runner/work/Meowmdmdmmdd/Meowmdmdmmdd/MDGram/app/src/main/jni/voip/libtgvoip/os/android/../../audio/../MediaStreamItf.h:14:
C/C++: /home/runner/work/Meowmdmdmmdd/Meowmdmdmmdd/MDGram/app/src/main/jni/voip/libtgvoip/threading.h:110:8: warning: private field 'maxPriority' is not used [-Wunused-private-field]
C/C++: In file included from /home/runner/work/Meowmdmdmmdd/Meowmdmdmmdd/MDGram/app/src/main/jni/voip/libtgvoip/os/android/AudioInputAndroid.cpp:7:
C/C++: In file included from /home/runner/work/Meowmdmdmmdd/Meowmdmdmmdd/MDGram/app/src/main/jni/voip/libtgvoip/os/android/AudioInputAndroid.h:11:
C/C++: In file included from /home/runner/work/Meowmdmdmmdd/Meowmdmdmmdd/MDGram/app/src/main/jni/voip/libtgvoip/os/android/../../audio/AudioInput.h:13:
C/C++: In file included from /home/runner/work/Meowmdmdmmdd/Meowmdmdmmdd/MDGram/app/src/main/jni/voip/libtgvoip/os/android/../../audio/../MediaStreamItf.h:14:
C/C++: /home/runner/work/Meowmdmdmmdd/Meowmdmdmmdd/MDGram/app/src/main/jni/voip/libtgvoip/os/android/../../threading.h:110:8: warning: private field 'maxPriority' is not used [-Wunused-private-field]
C/C++: In file included from /home/runner/work/Meowmdmdmmdd/Meowmdmdmmdd/MDGram/app/src/main/jni/voip/libtgvoip/CongestionControl.cpp:7:
C/C++: In file included from /home/runner/work/Meowmdmdmmdd/Meowmdmdmmdd/MDGram/app/src/main/jni/voip/libtgvoip/CongestionControl.h:12:
C/C++: /home/runner/work/Meowmdmdmmdd/Meowmdmdmmdd/MDGram/app/src/main/jni/voip/libtgvoip/threading.h:110:8: warning: private field 'maxPriority' is not used [-Wunused-private-field]
C/C++: In file included from /home/runner/work/Meowmdmdmmdd/Meowmdmdmmdd/MDGram/app/src/main/jni/voip/libtgvoip/VoIPServerConfig.cpp:7:
C/C++: In file included from /home/runner/work/Meowmdmdmmdd/Meowmdmdmmdd/MDGram/app/src/main/jni/voip/libtgvoip/VoIPServerConfig.h:13:
C/C++: /home/runner/work/Meowmdmdmmdd/Meowmdmdmmdd/MDGram/app/src/main/jni/voip/libtgvoip/threading.h:110:8: warning: private field 'maxPriority' is not used [-Wunused-private-field]
C/C++: In file included from /home/runner/work/Meowmdmdmmdd/Meowmdmdmmdd/MDGram/app/src/main/jni/voip/libtgvoip/PacketReassembler.cpp:5:
C/C++: In file included from /home/runner/work/Meowmdmdmmdd/Meowmdmdmmdd/MDGram/app/src/main/jni/voip/libtgvoip/PacketReassembler.h:12:
C/C++: In file included from /home/runner/work/Meowmdmdmmdd/Meowmdmdmmdd/MDGram/app/src/main/jni/voip/libtgvoip/Buffers.h:19:
C/C++: /home/runner/work/Meowmdmdmmdd/Meowmdmdmmdd/MDGram/app/src/main/jni/voip/libtgvoip/threading.h:110:8: warning: private field 'maxPriority' is not used [-Wunused-private-field]
C/C++: In file included from /home/runner/work/Meowmdmdmmdd/Meowmdmdmmdd/MDGram/app/src/main/jni/voip/libtgvoip/NetworkSocket.cpp:14:
C/C++: In file included from /home/runner/work/Meowmdmdmmdd/Meowmdmdmmdd/MDGram/app/src/main/jni/voip/libtgvoip/os/posix/NetworkSocketPosix.h:11:
C/C++: In file included from /home/runner/work/Meowmdmdmmdd/Meowmdmdmmdd/MDGram/app/src/main/jni/voip/libtgvoip/Buffers.h:19:
C/C++: /home/runner/work/Meowmdmdmmdd/Meowmdmdmmdd/MDGram/app/src/main/jni/voip/libtgvoip/threading.h:110:8: warning: private field 'maxPriority' is not used [-Wunused-private-field]
C/C++: In file included from /home/runner/work/Meowmdmdmmdd/Meowmdmdmmdd/MDGram/app/src/main/jni/voip/libtgvoip/os/posix/NetworkSocketPosix.cpp:7:
C/C++: In file included from /home/runner/work/Meowmdmdmmdd/Meowmdmdmmdd/MDGram/app/src/main/jni/voip/libtgvoip/os/posix/NetworkSocketPosix.h:11:
C/C++: In file included from /home/runner/work/Meowmdmdmmdd/Meowmdmdmmdd/MDGram/app/src/main/jni/voip/libtgvoip/Buffers.h:19:
C/C++: /home/runner/work/Meowmdmdmmdd/Meowmdmdmmdd/MDGram/app/src/main/jni/voip/libtgvoip/threading.h:110:8: warning: private field 'maxPriority' is not used [-Wunused-private-field]
C/C++: In file included from /home/runner/work/Meowmdmdmmdd/Meowmdmdmmdd/MDGram/app/src/main/jni/voip/libtgvoip/MessageThread.cpp:15:
C/C++: In file included from /home/runner/work/Meowmdmdmmdd/Meowmdmdmmdd/MDGram/app/src/main/jni/voip/libtgvoip/MessageThread.h:8:
C/C++: /home/runner/work/Meowmdmdmmdd/Meowmdmdmmdd/MDGram/app/src/main/jni/voip/libtgvoip/threading.h:110:8: warning: private field 'maxPriority' is not used [-Wunused-private-field]
C/C++: In file included from /home/runner/work/Meowmdmdmmdd/Meowmdmdmmdd/MDGram/app/src/main/jni/voip/libtgvoip/audio/AudioIO.cpp:19:
C/C++: /home/runner/work/Meowmdmdmmdd/Meowmdmdmmdd/MDGram/app/src/main/jni/voip/libtgvoip/audio/../os/android/AudioOutputAndroid.h:20:15: warning: 'Start' overrides a member function but is not marked 'override' [-Winconsistent-missing-override]
C/C++: /home/runner/work/Meowmdmdmmdd/Meowmdmdmmdd/MDGram/app/src/main/jni/voip/libtgvoip/audio/../MediaStreamItf.h:24:15: note: overridden virtual function is here
C/C++: In file included from /home/runner/work/Meowmdmdmmdd/Meowmdmdmmdd/MDGram/app/src/main/jni/voip/libtgvoip/audio/AudioIO.cpp:19:
C/C++: /home/runner/work/Meowmdmdmmdd/Meowmdmdmmdd/MDGram/app/src/main/jni/voip/libtgvoip/audio/../os/android/AudioOutputAndroid.h:21:15: warning: 'Stop' overrides a member function but is not marked 'override' [-Winconsistent-missing-override]
C/C++: /home/runner/work/Meowmdmdmmdd/Meowmdmdmmdd/MDGram/app/src/main/jni/voip/libtgvoip/audio/../MediaStreamItf.h:25:15: note: overridden virtual function is here
C/C++: In file included from /home/runner/work/Meowmdmdmmdd/Meowmdmdmmdd/MDGram/app/src/main/jni/voip/libtgvoip/audio/AudioIO.cpp:8:
C/C++: In file included from /home/runner/work/Meowmdmdmmdd/Meowmdmdmmdd/MDGram/app/src/main/jni/voip/libtgvoip/audio/AudioIO.h:11:
C/C++: In file included from /home/runner/work/Meowmdmdmmdd/Meowmdmdmmdd/MDGram/app/src/main/jni/voip/libtgvoip/audio/../os/android/../../audio/AudioInput.h:13:
C/C++: In file included from /home/runner/work/Meowmdmdmmdd/Meowmdmdmmdd/MDGram/app/src/main/jni/voip/libtgvoip/audio/../MediaStreamItf.h:14:
C/C++: /home/runner/work/Meowmdmdmmdd/Meowmdmdmmdd/MDGram/app/src/main/jni/voip/libtgvoip/audio/../os/android/../../threading.h:110:8: warning: private field 'maxPriority' is not used [-Wunused-private-field]
C/C++: In file included from /home/runner/work/Meowmdmdmmdd/Meowmdmdmmdd/MDGram/app/src/main/jni/voip/libtgvoip/video/VideoSource.cpp:5:
C/C++: In file included from /home/runner/work/Meowmdmdmmdd/Meowmdmdmmdd/MDGram/app/src/main/jni/voip/libtgvoip/video/../os/android/../../video/VideoSource.h:12:
C/C++: In file included from /home/runner/work/Meowmdmdmmdd/Meowmdmdmmdd/MDGram/app/src/main/jni/voip/libtgvoip/video/../os/android/../../Buffers.h:19:
C/C++: /home/runner/work/Meowmdmdmmdd/Meowmdmdmmdd/MDGram/app/src/main/jni/voip/libtgvoip/threading.h:110:8: warning: private field 'maxPriority' is not used [-Wunused-private-field]
C/C++: /home/runner/work/Meowmdmdmmdd/Meowmdmdmmdd/MDGram/app/src/main/jni/voip/libtgvoip/video/ScreamCongestionController.cpp:23:29: warning: unused variable 'BETA_ECN' [-Wunused-const-variable]
C/C++: In file included from /home/runner/work/Meowmdmdmmdd/Meowmdmdmmdd/MDGram/app/src/main/jni/voip/libtgvoip/video/ScreamCongestionController.cpp:7:
C/C++: In file included from /home/runner/work/Meowmdmdmmdd/Meowmdmdmmdd/MDGram/app/src/main/jni/voip/libtgvoip/video/ScreamCongestionController.h:8:
C/C++: In file included from /home/runner/work/Meowmdmdmmdd/Meowmdmdmmdd/MDGram/app/src/main/jni/voip/libtgvoip/Buffers.h:19:
C/C++: /home/runner/work/Meowmdmdmmdd/Meowmdmdmmdd/MDGram/app/src/main/jni/voip/libtgvoip/threading.h:110:8: warning: private field 'maxPriority' is not used [-Wunused-private-field]
C/C++: In file included from /home/runner/work/Meowmdmdmmdd/Meowmdmdmmdd/MDGram/app/src/main/jni/voip/tg_voip_jni.cpp:17:
C/C++: /home/runner/work/Meowmdmdmmdd/Meowmdmdmmdd/MDGram/app/src/main/jni/voip/libtgvoip/os/android/AudioOutputAndroid.h:20:15: warning: 'Start' overrides a member function but is not marked 'override' [-Winconsistent-missing-override]
C/C++: /home/runner/work/Meowmdmdmmdd/Meowmdmdmmdd/MDGram/app/src/main/jni/voip/libtgvoip/MediaStreamItf.h:24:15: note: overridden virtual function is here
C/C++: In file included from /home/runner/work/Meowmdmdmmdd/Meowmdmdmmdd/MDGram/app/src/main/jni/voip/tg_voip_jni.cpp:17:
C/C++: /home/runner/work/Meowmdmdmmdd/Meowmdmdmmdd/MDGram/app/src/main/jni/voip/libtgvoip/os/android/AudioOutputAndroid.h:21:15: warning: 'Stop' overrides a member function but is not marked 'override' [-Winconsistent-missing-override]
C/C++: /home/runner/work/Meowmdmdmmdd/Meowmdmdmmdd/MDGram/app/src/main/jni/voip/libtgvoip/MediaStreamItf.h:25:15: note: overridden virtual function is here
C/C++: In file included from /home/runner/work/Meowmdmdmmdd/Meowmdmdmmdd/MDGram/app/src/main/jni/voip/tg_voip_jni.cpp:22:
C/C++: /home/runner/work/Meowmdmdmmdd/Meowmdmdmmdd/MDGram/app/src/main/jni/voip/../c_utils.h:9:9: warning: 'LOGI' macro redefined [-Wmacro-redefined]
C/C++: /home/runner/work/Meowmdmdmmdd/Meowmdmdmmdd/MDGram/app/src/main/jni/voip/libtgvoip/logging.h:30:9: note: previous definition is here
C/C++: In file included from /home/runner/work/Meowmdmdmmdd/Meowmdmdmmdd/MDGram/app/src/main/jni/voip/tg_voip_jni.cpp:22:
C/C++: /home/runner/work/Meowmdmdmmdd/Meowmdmdmmdd/MDGram/app/src/main/jni/voip/../c_utils.h:10:9: warning: 'LOGD' macro redefined [-Wmacro-redefined]
C/C++: /home/runner/work/Meowmdmdmmdd/Meowmdmdmmdd/MDGram/app/src/main/jni/voip/libtgvoip/logging.h:29:9: note: previous definition is here
C/C++: In file included from /home/runner/work/Meowmdmdmmdd/Meowmdmdmmdd/MDGram/app/src/main/jni/voip/tg_voip_jni.cpp:22:
C/C++: /home/runner/work/Meowmdmdmmdd/Meowmdmdmmdd/MDGram/app/src/main/jni/voip/../c_utils.h:11:9: warning: 'LOGE' macro redefined [-Wmacro-redefined]
C/C++: /home/runner/work/Meowmdmdmmdd/Meowmdmdmmdd/MDGram/app/src/main/jni/voip/libtgvoip/logging.h:32:9: note: previous definition is here
C/C++: In file included from /home/runner/work/Meowmdmdmmdd/Meowmdmdmmdd/MDGram/app/src/main/jni/voip/tg_voip_jni.cpp:22:
C/C++: /home/runner/work/Meowmdmdmmdd/Meowmdmdmmdd/MDGram/app/src/main/jni/voip/../c_utils.h:12:9: warning: 'LOGV' macro redefined [-Wmacro-redefined]
C/C++: /home/runner/work/Meowmdmdmmdd/Meowmdmdmmdd/MDGram/app/src/main/jni/voip/libtgvoip/logging.h:28:9: note: previous definition is here
C/C++: In file included from /home/runner/work/Meowmdmdmmdd/Meowmdmdmmdd/MDGram/app/src/main/jni/voip/tg_voip_jni.cpp:12:
C/C++: In file included from /home/runner/work/Meowmdmdmmdd/Meowmdmdmmdd/MDGram/app/src/main/jni/voip/libtgvoip/VoIPServerConfig.h:13:
C/C++: /home/runner/work/Meowmdmdmmdd/Meowmdmdmmdd/MDGram/app/src/main/jni/voip/libtgvoip/os/android/../../threading.h:110:8: warning: private field 'maxPriority' is not used [-Wunused-private-field]
C/C++: In file included from /home/runner/work/Meowmdmdmmdd/Meowmdmdmmdd/MDGram/app/src/main/jni/voip/libtgvoip/VoIPController.cpp:14:
C/C++: In file included from /home/runner/work/Meowmdmdmmdd/Meowmdmdmmdd/MDGram/app/src/main/jni/voip/libtgvoip/VoIPController.h:24:
C/C++: In file included from /home/runner/work/Meowmdmdmmdd/Meowmdmdmmdd/MDGram/app/src/main/jni/voip/libtgvoip/video/VideoSource.h:12:
C/C++: In file included from /home/runner/work/Meowmdmdmmdd/Meowmdmdmmdd/MDGram/app/src/main/jni/voip/libtgvoip/os/android/../../Buffers.h:19:
C/C++: /home/runner/work/Meowmdmdmmdd/Meowmdmdmmdd/MDGram/app/src/main/jni/voip/libtgvoip/os/android/../../threading.h:110:8: warning: private field 'maxPriority' is not used [-Wunused-private-field]
C/C++: /home/runner/work/Meowmdmdmmdd/Meowmdmdmmdd/MDGram/app/src/main/jni/voip/libtgvoip/os/android/VideoRendererAndroid.cpp:87:19: warning: moving a temporary object prevents copy elision [-Wpessimizing-move]
C/C++: /home/runner/work/Meowmdmdmmdd/Meowmdmdmmdd/MDGram/app/src/main/jni/voip/libtgvoip/os/android/VideoRendererAndroid.cpp:87:19: note: remove std::move call here
C/C++: In file included from /home/runner/work/Meowmdmdmmdd/Meowmdmdmmdd/MDGram/app/src/main/jni/voip/libtgvoip/os/android/VideoRendererAndroid.cpp:5:
C/C++: In file included from /home/runner/work/Meowmdmdmmdd/Meowmdmdmmdd/MDGram/app/src/main/jni/voip/libtgvoip/os/android/VideoRendererAndroid.h:8:
C/C++: In file included from /home/runner/work/Meowmdmdmmdd/Meowmdmdmmdd/MDGram/app/src/main/jni/voip/libtgvoip/os/android/../../video/VideoRenderer.h:9:
C/C++: In file included from /home/runner/work/Meowmdmdmmdd/Meowmdmdmmdd/MDGram/app/src/main/jni/voip/libtgvoip/os/android/../../Buffers.h:19:
C/C++: /home/runner/work/Meowmdmdmmdd/Meowmdmdmmdd/MDGram/app/src/main/jni/voip/libtgvoip/threading.h:110:8: warning: private field 'maxPriority' is not used [-Wunused-private-field]
C/C++: In file included from /home/runner/work/Meowmdmdmmdd/Meowmdmdmmdd/MDGram/app/src/main/jni/voip/libtgvoip/os/android/VideoSourceAndroid.cpp:5:
C/C++: In file included from /home/runner/work/Meowmdmdmmdd/Meowmdmdmmdd/MDGram/app/src/main/jni/voip/libtgvoip/os/android/VideoSourceAndroid.h:8:
C/C++: In file included from /home/runner/work/Meowmdmdmmdd/Meowmdmdmmdd/MDGram/app/src/main/jni/voip/libtgvoip/os/android/../../video/VideoSource.h:12:
C/C++: In file included from /home/runner/work/Meowmdmdmmdd/Meowmdmdmmdd/MDGram/app/src/main/jni/voip/libtgvoip/os/android/../../Buffers.h:19:
C/C++: /home/runner/work/Meowmdmdmmdd/Meowmdmdmmdd/MDGram/app/src/main/jni/voip/libtgvoip/threading.h:110:8: warning: private field 'maxPriority' is not used [-Wunused-private-field]
C/C++: /home/runner/work/Meowmdmdmmdd/Meowmdmdmmdd/MDGram/app/src/main/jni/voip/tgcalls/NetworkManager.cpp:173:33: warning: 'P2PTransportChannel' is deprecated: bugs.webrtc.org/12598 [-Wdeprecated-declarations]
C/C++: /home/runner/work/Meowmdmdmmdd/Meowmdmdmmdd/MDGram/app/src/main/jni/voip/webrtc/p2p/base/p2p_transport_channel.h:117:3: note: 'P2PTransportChannel' has been explicitly marked deprecated here
C/C++: /home/runner/work/Meowmdmdmmdd/Meowmdmdmmdd/MDGram/app/src/main/jni/voip/webrtc/absl/base/attributes.h:671:49: note: expanded from macro 'ABSL_DEPRECATED'
C/C++: /home/runner/work/Meowmdmdmmdd/Meowmdmdmmdd/MDGram/app/src/main/jni/voip/tgcalls/VideoCaptureInterfaceImpl.cpp:171:1: warning: field '_platformContext' will be initialized after field '_impl' [-Wreorder]
C/C++: In file included from /home/runner/work/Meowmdmdmmdd/Meowmdmdmmdd/MDGram/app/src/main/jni/voip/tgcalls/legacy/InstanceImplLegacy.cpp:1:
C/C++: In file included from /home/runner/work/Meowmdmdmmdd/Meowmdmdmmdd/MDGram/app/src/main/jni/voip/tgcalls/legacy/InstanceImplLegacy.h:6:
C/C++: In file included from /home/runner/work/Meowmdmdmmdd/Meowmdmdmmdd/MDGram/app/src/main/jni/voip/libtgvoip/VoIPController.h:24:
C/C++: In file included from /home/runner/work/Meowmdmdmmdd/Meowmdmdmmdd/MDGram/app/src/main/jni/voip/libtgvoip/video/VideoSource.h:12:
C/C++: In file included from /home/runner/work/Meowmdmdmmdd/Meowmdmdmmdd/MDGram/app/src/main/jni/voip/libtgvoip/Buffers.h:19:
C/C++: /home/runner/work/Meowmdmdmmdd/Meowmdmdmmdd/MDGram/app/src/main/jni/voip/libtgvoip/threading.h:110:8: warning: private field 'maxPriority' is not used [-Wunused-private-field]
C/C++: /home/runner/work/Meowmdmdmmdd/Meowmdmdmmdd/MDGram/app/src/main/jni/voip/tgcalls/group/AudioStreamingPart.cpp:17:10: warning: unused function 'stringToUInt32' [-Wunused-function]
C/C++: /home/runner/work/Meowmdmdmmdd/Meowmdmdmmdd/MDGram/app/src/main/jni/voip/tgcalls/group/AudioStreamingPart.cpp:33:26: warning: unused function 'splitString' [-Wunused-function]
C/C++: /home/runner/work/Meowmdmdmmdd/Meowmdmdmmdd/MDGram/app/src/main/jni/voip/tgcalls/group/AudioStreamingPart.cpp:57:35: warning: unused function 'parseChannelUpdates' [-Wunused-function]
C/C++: /home/runner/work/Meowmdmdmmdd/Meowmdmdmmdd/MDGram/app/src/main/jni/voip/tgcalls/group/GroupNetworkManager.cpp:362:33: warning: 'P2PTransportChannel' is deprecated: bugs.webrtc.org/12598 [-Wdeprecated-declarations]
C/C++: /home/runner/work/Meowmdmdmmdd/Meowmdmdmmdd/MDGram/app/src/main/jni/voip/webrtc/p2p/base/p2p_transport_channel.h:117:3: note: 'P2PTransportChannel' has been explicitly marked deprecated here
C/C++: /home/runner/work/Meowmdmdmmdd/Meowmdmdmmdd/MDGram/app/src/main/jni/voip/webrtc/absl/base/attributes.h:671:49: note: expanded from macro 'ABSL_DEPRECATED'
C/C++: /home/runner/work/Meowmdmdmmdd/Meowmdmdmmdd/MDGram/app/src/main/jni/voip/tgcalls/group/GroupInstanceCustomImpl.cpp:476:10: warning: private field '_countFrames' is not used [-Wunused-private-field]
C/C++: /home/runner/work/Meowmdmdmmdd/Meowmdmdmmdd/MDGram/app/src/main/jni/voip/webrtc/common_video/h265/legacy_bit_buffer.cc:36:9: warning: unused function 'HighestByte' [-Wunused-function]
C/C++: /home/runner/work/Meowmdmdmmdd/Meowmdmdmmdd/MDGram/app/src/main/jni/voip/webrtc/common_video/h265/legacy_bit_buffer.cc:43:9: warning: unused function 'WritePartialByte' [-Wunused-function]
C/C++: In file included from /home/runner/work/Meowmdmdmmdd/Meowmdmdmmdd/MDGram/app/src/main/jni/voip/webrtc/sdk/android/src/jni/pc/peer_connection.cc:44:
C/C++: /home/runner/work/Meowmdmdmmdd/Meowmdmdmmdd/MDGram/app/src/main/jni/voip/webrtc/sdk/android/generated_peerconnection_jni/PeerConnection_jni.h:883:13: warning: unused function 'Java_Observer_onIceCandidateError' [-Wunused-function]
C/C++: /home/runner/work/Meowmdmdmmdd/Meowmdmdmmdd/MDGram/app/src/main/jni/voip/org_telegram_messenger_voip_Instance.cpp:312:88: warning: adding 'jint' (aka 'int') to a string does not append to the string [-Wstring-plus-int]
C/C++: /home/runner/work/Meowmdmdmmdd/Meowmdmdmmdd/MDGram/app/src/main/jni/voip/org_telegram_messenger_voip_Instance.cpp:312:88: note: use array indexing to silence this warning
C/C++: In file included from /home/runner/work/Meowmdmdmmdd/Meowmdmdmmdd/MDGram/app/src/main/jni/voip/org_telegram_messenger_voip_Instance.cpp:20:
C/C++: In file included from /home/runner/work/Meowmdmdmmdd/Meowmdmdmmdd/MDGram/app/src/main/jni/voip/tgcalls/legacy/InstanceImplLegacy.h:6:
C/C++: In file included from /home/runner/work/Meowmdmdmmdd/Meowmdmdmmdd/MDGram/app/src/main/jni/voip/libtgvoip/VoIPController.h:24:
C/C++: In file included from /home/runner/work/Meowmdmdmmdd/Meowmdmdmmdd/MDGram/app/src/main/jni/voip/libtgvoip/video/VideoSource.h:12:
C/C++: In file included from /home/runner/work/Meowmdmdmmdd/Meowmdmdmmdd/MDGram/app/src/main/jni/voip/libtgvoip/os/android/../../Buffers.h:19:
C/C++: /home/runner/work/Meowmdmdmmdd/Meowmdmdmmdd/MDGram/app/src/main/jni/voip/libtgvoip/threading.h:110:8: warning: private field 'maxPriority' is not used [-Wunused-private-field]

> Task :app:configureCMakeRelWithDebInfo[x86_64]
C/C++: CMake Warning (dev) in CMakeLists.txt:
C/C++:   No project() command is present.  The top-level CMakeLists.txt file must
C/C++:   contain a literal, direct call to the project() command.  Add a line of
C/C++:   code such as
C/C++:     project(ProjectName)
C/C++:   near the top of the file, but after cmake_minimum_required().
C/C++:   CMake is pretending there is a "project(Project)" command on the first
C/C++:   line.
C/C++: This warning is for project developers.  Use -Wno-dev to suppress it.

> Task :app:buildCMakeRelWithDebInfo[x86_64]
C/C++: ninja: Entering directory `/home/runner/work/Meowmdmdmmdd/Meowmdmdmmdd/MDGram/app/.cxx/RelWithDebInfo/3pb235i4/x86_64'
C/C++: yasm: warning: unrecognized option `-Os'
C/C++: yasm: warning: unrecognized option `-Os'
C/C++: yasm: warning: unrecognized option `-Os'
C/C++: yasm: warning: unrecognized option `-Os'
C/C++: yasm: warning: unrecognized option `-Os'
C/C++: yasm: warning: unrecognized option `-Os'
C/C++: yasm: warning: unrecognized option `-Os'
C/C++: yasm: warning: unrecognized option `-Os'
C/C++: yasm: warning: unrecognized option `-Os'
C/C++: yasm: warning: unrecognized option `-Os'
C/C++: yasm: warning: unrecognized option `-Os'
C/C++: yasm: warning: unrecognized option `-Os'
C/C++: yasm: warning: unrecognized option `-Os'
C/C++: yasm: warning: unrecognized option `-Os'
C/C++: yasm: warning: unrecognized option `-Os'
C/C++: yasm: warning: unrecognized option `-Os'
C/C++: yasm: warning: unrecognized option `-Os'
C/C++: yasm: warning: unrecognized option `-Os'
C/C++: yasm: warning: unrecognized option `-Os'
C/C++: yasm: warning: unrecognized option `-Os'
C/C++: yasm: warning: unrecognized option `-Os'
C/C++: yasm: warning: unrecognized option `-Os'
C/C++: yasm: warning: unrecognized option `-Os'
C/C++: yasm: warning: unrecognized option `-Os'
C/C++: yasm: warning: unrecognized option `-Os'
C/C++: yasm: warning: unrecognized option `-Os'
C/C++: yasm: warning: unrecognized option `-Os'
C/C++: /home/runner/work/Meowmdmdmmdd/Meowmdmdmmdd/MDGram/app/src/main/jni/tgnet/ApiScheme.cpp:483:21: warning: unused variable 'document_id' [-Wunused-variable]
C/C++: /home/runner/work/Meowmdmdmmdd/Meowmdmdmmdd/MDGram/app/src/main/jni/tgnet/ApiScheme.cpp:486:21: warning: unused variable 'document_id' [-Wunused-variable]
C/C++: /home/runner/work/Meowmdmdmmdd/Meowmdmdmmdd/MDGram/app/src/main/jni/tgnet/ApiScheme.cpp:487:17: warning: unused variable 'until' [-Wunused-variable]
C/C++: /home/runner/work/Meowmdmdmmdd/Meowmdmdmmdd/MDGram/app/src/main/jni/tgnet/Connection.cpp:223:93: warning: '&&' within '||' [-Wlogical-op-parentheses]
C/C++: /home/runner/work/Meowmdmdmmdd/Meowmdmdmmdd/MDGram/app/src/main/jni/tgnet/Connection.cpp:223:93: note: place parentheses around the '&&' expression to silence this warning
C/C++: /home/runner/work/Meowmdmdmmdd/Meowmdmdmmdd/MDGram/app/src/main/jni/tgnet/Connection.cpp:531:223: warning: '&&' within '||' [-Wlogical-op-parentheses]
C/C++: /home/runner/work/Meowmdmdmmdd/Meowmdmdmmdd/MDGram/app/src/main/jni/tgnet/Connection.cpp:531:223: note: place parentheses around the '&&' expression to silence this warning
C/C++: /home/runner/work/Meowmdmdmmdd/Meowmdmdmmdd/MDGram/app/src/main/jni/tgnet/Connection.cpp:664:57: warning: '&&' within '||' [-Wlogical-op-parentheses]
C/C++: /home/runner/work/Meowmdmdmmdd/Meowmdmdmmdd/MDGram/app/src/main/jni/tgnet/Connection.cpp:664:57: note: place parentheses around the '&&' expression to silence this warning
C/C++: /home/runner/work/Meowmdmdmmdd/Meowmdmdmmdd/MDGram/app/src/main/jni/tgnet/Connection.cpp:718:62: warning: '&&' within '||' [-Wlogical-op-parentheses]
C/C++: /home/runner/work/Meowmdmdmmdd/Meowmdmdmmdd/MDGram/app/src/main/jni/tgnet/Connection.cpp:718:62: note: place parentheses around the '&&' expression to silence this warning
C/C++: /home/runner/work/Meowmdmdmmdd/Meowmdmdmmdd/MDGram/app/src/main/jni/tgnet/Connection.cpp:718:147: warning: '&&' within '||' [-Wlogical-op-parentheses]
C/C++: /home/runner/work/Meowmdmdmmdd/Meowmdmdmmdd/MDGram/app/src/main/jni/tgnet/Connection.cpp:718:147: note: place parentheses around the '&&' expression to silence this warning
C/C++: /home/runner/work/Meowmdmdmmdd/Meowmdmdmmdd/MDGram/app/src/main/jni/tgnet/ConnectionSocket.cpp:970:29: warning: '&&' within '||' [-Wlogical-op-parentheses]
C/C++: /home/runner/work/Meowmdmdmmdd/Meowmdmdmmdd/MDGram/app/src/main/jni/tgnet/ConnectionSocket.cpp:970:29: note: place parentheses around the '&&' expression to silence this warning
C/C++: /home/runner/work/Meowmdmdmmdd/Meowmdmdmmdd/MDGram/app/src/main/jni/tgnet/Request.cpp:86:19: warning: '&&' within '||' [-Wlogical-op-parentheses]
C/C++: /home/runner/work/Meowmdmdmmdd/Meowmdmdmmdd/MDGram/app/src/main/jni/tgnet/Request.cpp:86:19: note: place parentheses around the '&&' expression to silence this warning
C/C++: /home/runner/work/Meowmdmdmmdd/Meowmdmdmmdd/MDGram/app/src/main/jni/tgnet/Request.cpp:86:77: warning: '&&' within '||' [-Wlogical-op-parentheses]
C/C++: /home/runner/work/Meowmdmdmmdd/Meowmdmdmmdd/MDGram/app/src/main/jni/tgnet/Request.cpp:86:77: note: place parentheses around the '&&' expression to silence this warning
C/C++: /home/runner/work/Meowmdmdmmdd/Meowmdmdmmdd/MDGram/app/src/main/jni/tgnet/Datacenter.cpp:199:62: warning: '&&' within '||' [-Wlogical-op-parentheses]
C/C++: /home/runner/work/Meowmdmdmmdd/Meowmdmdmmdd/MDGram/app/src/main/jni/tgnet/Datacenter.cpp:199:62: note: place parentheses around the '&&' expression to silence this warning
C/C++: /home/runner/work/Meowmdmdmmdd/Meowmdmdmmdd/MDGram/app/src/main/jni/tgnet/Datacenter.cpp:257:62: warning: '&&' within '||' [-Wlogical-op-parentheses]
C/C++: /home/runner/work/Meowmdmdmmdd/Meowmdmdmmdd/MDGram/app/src/main/jni/tgnet/Datacenter.cpp:257:62: note: place parentheses around the '&&' expression to silence this warning
C/C++: /home/runner/work/Meowmdmdmmdd/Meowmdmdmmdd/MDGram/app/src/main/jni/tgnet/Datacenter.cpp:377:62: warning: '&&' within '||' [-Wlogical-op-parentheses]
C/C++: /home/runner/work/Meowmdmdmmdd/Meowmdmdmmdd/MDGram/app/src/main/jni/tgnet/Datacenter.cpp:377:62: note: place parentheses around the '&&' expression to silence this warning
C/C++: /home/runner/work/Meowmdmdmmdd/Meowmdmdmmdd/MDGram/app/src/main/jni/tgnet/Datacenter.cpp:446:62: warning: '&&' within '||' [-Wlogical-op-parentheses]
C/C++: /home/runner/work/Meowmdmdmmdd/Meowmdmdmmdd/MDGram/app/src/main/jni/tgnet/Datacenter.cpp:446:62: note: place parentheses around the '&&' expression to silence this warning
C/C++: /home/runner/work/Meowmdmdmmdd/Meowmdmdmmdd/MDGram/app/src/main/jni/rlottie/src/lottie/lottiemodel.cpp:211:73: warning: '&&' within '||' [-Wlogical-op-parentheses]
C/C++: /home/runner/work/Meowmdmdmmdd/Meowmdmdmmdd/MDGram/app/src/main/jni/rlottie/src/lottie/lottiemodel.cpp:211:73: note: place parentheses around the '&&' expression to silence this warning
C/C++: /home/runner/work/Meowmdmdmmdd/Meowmdmdmmdd/MDGram/app/src/main/jni/tgnet/ConnectionsManager.cpp:1203:127: warning: format specifies type 'long long' but the argument has type 'int64_t' (aka 'long') [-Wformat]
C/C++: /home/runner/work/Meowmdmdmmdd/Meowmdmdmmdd/MDGram/app/src/main/jni/tgnet/ConnectionsManager.cpp:1207:116: warning: format specifies type 'long long' but the argument has type 'int64_t' (aka 'long') [-Wformat]
C/C++: /home/runner/work/Meowmdmdmmdd/Meowmdmdmmdd/MDGram/app/src/main/jni/tgnet/ConnectionsManager.cpp:1834:101: warning: expression with side effects will be evaluated despite being used as an operand to 'typeid' [-Wpotentially-evaluated-expression]
C/C++: /home/runner/work/Meowmdmdmmdd/Meowmdmdmmdd/MDGram/app/src/main/jni/tgnet/ConnectionsManager.cpp:2692:155: warning: expression with side effects will be evaluated despite being used as an operand to 'typeid' [-Wpotentially-evaluated-expression]
C/C++: /home/runner/work/Meowmdmdmmdd/Meowmdmdmmdd/MDGram/app/src/main/jni/tgnet/ConnectionsManager.cpp:2875:17: warning: unused variable 'is_inited' [-Wunused-variable]
C/C++: /home/runner/work/Meowmdmdmmdd/Meowmdmdmmdd/MDGram/app/src/main/jni/tgnet/ConnectionsManager.cpp:2907:43: warning: array subscript is of type 'char' [-Wchar-subscripts]
C/C++: In file included from /home/runner/work/Meowmdmdmmdd/Meowmdmdmmdd/MDGram/app/src/main/jni/rlottie/src/lottie/lottieparser.cpp:58:
C/C++: In file included from /home/runner/work/Meowmdmdmmdd/Meowmdmdmmdd/MDGram/app/src/main/jni/./tgnet/FileLog.h:12:
C/C++: /home/runner/work/Meowmdmdmmdd/Meowmdmdmmdd/MDGram/app/src/main/jni/./tgnet/Defines.h:140:16: warning: 'ConnectiosManagerDelegate' has virtual functions but non-virtual destructor [-Wnon-virtual-dtor]
C/C++: /home/runner/work/Meowmdmdmmdd/Meowmdmdmmdd/MDGram/app/src/main/jni/./tgnet/Defines.h:156:16: warning: 'HandshakeDelegate' has virtual functions but non-virtual destructor [-Wnon-virtual-dtor]
C/C++: /home/runner/work/Meowmdmdmmdd/Meowmdmdmmdd/MDGram/app/src/main/jni/rlottie/src/lottie/lottieparser.cpp:186:60: warning: field 'colorMap' will be initialized after field 'mFitzModifier' [-Wreorder]
C/C++: In file included from /home/runner/work/Meowmdmdmmdd/Meowmdmdmmdd/MDGram/app/src/main/jni/rlottie/src/vector/vraster.cpp:22:
C/C++: In file included from /home/runner/work/Meowmdmdmmdd/Meowmdmdmmdd/MDGram/app/src/main/jni/./tgnet/FileLog.h:12:
C/C++: /home/runner/work/Meowmdmdmmdd/Meowmdmdmmdd/MDGram/app/src/main/jni/./tgnet/Defines.h:140:16: warning: 'ConnectiosManagerDelegate' has virtual functions but non-virtual destructor [-Wnon-virtual-dtor]
C/C++: /home/runner/work/Meowmdmdmmdd/Meowmdmdmmdd/MDGram/app/src/main/jni/./tgnet/Defines.h:156:16: warning: 'HandshakeDelegate' has virtual functions but non-virtual destructor [-Wnon-virtual-dtor]
C/C++: In file included from /home/runner/work/Meowmdmdmmdd/Meowmdmdmmdd/MDGram/app/src/main/jni/voip/libtgvoip/logging.cpp:12:
C/C++: In file included from /home/runner/work/Meowmdmdmmdd/Meowmdmdmmdd/MDGram/app/src/main/jni/voip/libtgvoip/VoIPController.h:24:
C/C++: In file included from /home/runner/work/Meowmdmdmmdd/Meowmdmdmmdd/MDGram/app/src/main/jni/voip/libtgvoip/video/VideoSource.h:12:
C/C++: In file included from /home/runner/work/Meowmdmdmmdd/Meowmdmdmmdd/MDGram/app/src/main/jni/voip/libtgvoip/Buffers.h:19:
C/C++: /home/runner/work/Meowmdmdmmdd/Meowmdmdmmdd/MDGram/app/src/main/jni/voip/libtgvoip/threading.h:110:8: warning: private field 'maxPriority' is not used [-Wunused-private-field]
C/C++: In file included from /home/runner/work/Meowmdmdmmdd/Meowmdmdmmdd/MDGram/app/src/main/jni/voip/libtgvoip/Buffers.cpp:7:
C/C++: In file included from /home/runner/work/Meowmdmdmmdd/Meowmdmdmmdd/MDGram/app/src/main/jni/voip/libtgvoip/Buffers.h:19:
C/C++: /home/runner/work/Meowmdmdmmdd/Meowmdmdmmdd/MDGram/app/src/main/jni/voip/libtgvoip/threading.h:110:8: warning: private field 'maxPriority' is not used [-Wunused-private-field]
C/C++: In file included from /home/runner/work/Meowmdmdmmdd/Meowmdmdmmdd/MDGram/app/src/main/jni/voip/libtgvoip/BlockingQueue.cpp:7:
C/C++: In file included from /home/runner/work/Meowmdmdmmdd/Meowmdmdmmdd/MDGram/app/src/main/jni/voip/libtgvoip/BlockingQueue.h:12:
C/C++: /home/runner/work/Meowmdmdmmdd/Meowmdmdmmdd/MDGram/app/src/main/jni/voip/libtgvoip/threading.h:110:8: warning: private field 'maxPriority' is not used [-Wunused-private-field]
C/C++: In file included from /home/runner/work/Meowmdmdmmdd/Meowmdmdmmdd/MDGram/app/src/main/jni/voip/libtgvoip/audio/AudioInput.cpp:7:
C/C++: In file included from /home/runner/work/Meowmdmdmmdd/Meowmdmdmmdd/MDGram/app/src/main/jni/voip/libtgvoip/audio/../os/android/../../audio/AudioInput.h:13:
C/C++: In file included from /home/runner/work/Meowmdmdmmdd/Meowmdmdmmdd/MDGram/app/src/main/jni/voip/libtgvoip/audio/../MediaStreamItf.h:14:
C/C++: /home/runner/work/Meowmdmdmmdd/Meowmdmdmmdd/MDGram/app/src/main/jni/voip/libtgvoip/audio/../os/android/../../threading.h:110:8: warning: private field 'maxPriority' is not used [-Wunused-private-field]
C/C++: In file included from /home/runner/work/Meowmdmdmmdd/Meowmdmdmmdd/MDGram/app/src/main/jni/voip/libtgvoip/os/android/AudioInputOpenSLES.cpp:11:
C/C++: In file included from /home/runner/work/Meowmdmdmmdd/Meowmdmdmmdd/MDGram/app/src/main/jni/voip/libtgvoip/os/android/AudioInputOpenSLES.h:13:
C/C++: In file included from /home/runner/work/Meowmdmdmmdd/Meowmdmdmmdd/MDGram/app/src/main/jni/voip/libtgvoip/os/android/../../audio/AudioInput.h:13:
C/C++: In file included from /home/runner/work/Meowmdmdmmdd/Meowmdmdmmdd/MDGram/app/src/main/jni/voip/libtgvoip/os/android/../../audio/../MediaStreamItf.h:14:
C/C++: /home/runner/work/Meowmdmdmmdd/Meowmdmdmmdd/MDGram/app/src/main/jni/voip/libtgvoip/threading.h:110:8: warning: private field 'maxPriority' is not used [-Wunused-private-field]
C/C++: In file included from /home/runner/work/Meowmdmdmmdd/Meowmdmdmmdd/MDGram/app/src/main/jni/voip/libtgvoip/MediaStreamItf.cpp:8:
C/C++: In file included from /home/runner/work/Meowmdmdmmdd/Meowmdmdmmdd/MDGram/app/src/main/jni/voip/libtgvoip/MediaStreamItf.h:14:
C/C++: /home/runner/work/Meowmdmdmmdd/Meowmdmdmmdd/MDGram/app/src/main/jni/voip/libtgvoip/threading.h:110:8: warning: private field 'maxPriority' is not used [-Wunused-private-field]
C/C++: In file included from /home/runner/work/Meowmdmdmmdd/Meowmdmdmmdd/MDGram/app/src/main/jni/voip/libtgvoip/audio/AudioOutput.cpp:19:
C/C++: /home/runner/work/Meowmdmdmmdd/Meowmdmdmmdd/MDGram/app/src/main/jni/voip/libtgvoip/audio/../os/android/AudioOutputAndroid.h:20:15: warning: 'Start' overrides a member function but is not marked 'override' [-Winconsistent-missing-override]
C/C++: /home/runner/work/Meowmdmdmmdd/Meowmdmdmmdd/MDGram/app/src/main/jni/voip/libtgvoip/audio/../MediaStreamItf.h:24:15: note: overridden virtual function is here
C/C++: In file included from /home/runner/work/Meowmdmdmmdd/Meowmdmdmmdd/MDGram/app/src/main/jni/voip/libtgvoip/audio/AudioOutput.cpp:19:
C/C++: /home/runner/work/Meowmdmdmmdd/Meowmdmdmmdd/MDGram/app/src/main/jni/voip/libtgvoip/audio/../os/android/AudioOutputAndroid.h:21:15: warning: 'Stop' overrides a member function but is not marked 'override' [-Winconsistent-missing-override]
C/C++: /home/runner/work/Meowmdmdmmdd/Meowmdmdmmdd/MDGram/app/src/main/jni/voip/libtgvoip/audio/../MediaStreamItf.h:25:15: note: overridden virtual function is here
C/C++: In file included from /home/runner/work/Meowmdmdmmdd/Meowmdmdmmdd/MDGram/app/src/main/jni/voip/libtgvoip/audio/AudioOutput.cpp:7:
C/C++: In file included from /home/runner/work/Meowmdmdmmdd/Meowmdmdmmdd/MDGram/app/src/main/jni/voip/libtgvoip/audio/../os/android/../../audio/AudioOutput.h:14:
C/C++: In file included from /home/runner/work/Meowmdmdmmdd/Meowmdmdmmdd/MDGram/app/src/main/jni/voip/libtgvoip/audio/../MediaStreamItf.h:14:
C/C++: /home/runner/work/Meowmdmdmmdd/Meowmdmdmmdd/MDGram/app/src/main/jni/voip/libtgvoip/threading.h:110:8: warning: private field 'maxPriority' is not used [-Wunused-private-field]
C/C++: In file included from /home/runner/work/Meowmdmdmmdd/Meowmdmdmmdd/MDGram/app/src/main/jni/voip/libtgvoip/VoIPGroupController.cpp:7:
C/C++: In file included from /home/runner/work/Meowmdmdmmdd/Meowmdmdmmdd/MDGram/app/src/main/jni/voip/libtgvoip/VoIPController.h:24:
C/C++: In file included from /home/runner/work/Meowmdmdmmdd/Meowmdmdmmdd/MDGram/app/src/main/jni/voip/libtgvoip/video/VideoSource.h:12:
C/C++: In file included from /home/runner/work/Meowmdmdmmdd/Meowmdmdmmdd/MDGram/app/src/main/jni/voip/libtgvoip/Buffers.h:19:
C/C++: /home/runner/work/Meowmdmdmmdd/Meowmdmdmmdd/MDGram/app/src/main/jni/voip/libtgvoip/threading.h:110:8: warning: private field 'maxPriority' is not used [-Wunused-private-field]
C/C++: In file included from /home/runner/work/Meowmdmdmmdd/Meowmdmdmmdd/MDGram/app/src/main/jni/voip/libtgvoip/OpusEncoder.cpp:7:
C/C++: In file included from /home/runner/work/Meowmdmdmmdd/Meowmdmdmmdd/MDGram/app/src/main/jni/voip/libtgvoip/OpusEncoder.h:11:
C/C++: In file included from /home/runner/work/Meowmdmdmmdd/Meowmdmdmmdd/MDGram/app/src/main/jni/voip/libtgvoip/MediaStreamItf.h:14:
C/C++: /home/runner/work/Meowmdmdmmdd/Meowmdmdmmdd/MDGram/app/src/main/jni/voip/libtgvoip/threading.h:110:8: warning: private field 'maxPriority' is not used [-Wunused-private-field]
C/C++: In file included from /home/runner/work/Meowmdmdmmdd/Meowmdmdmmdd/MDGram/app/src/main/jni/voip/libtgvoip/JitterBuffer.cpp:7:
C/C++: In file included from /home/runner/work/Meowmdmdmmdd/Meowmdmdmmdd/MDGram/app/src/main/jni/voip/libtgvoip/VoIPController.h:24:
C/C++: In file included from /home/runner/work/Meowmdmdmmdd/Meowmdmdmmdd/MDGram/app/src/main/jni/voip/libtgvoip/video/VideoSource.h:12:
C/C++: In file included from /home/runner/work/Meowmdmdmmdd/Meowmdmdmmdd/MDGram/app/src/main/jni/voip/libtgvoip/Buffers.h:19:
C/C++: /home/runner/work/Meowmdmdmmdd/Meowmdmdmmdd/MDGram/app/src/main/jni/voip/libtgvoip/threading.h:110:8: warning: private field 'maxPriority' is not used [-Wunused-private-field]
C/C++: In file included from /home/runner/work/Meowmdmdmmdd/Meowmdmdmmdd/MDGram/app/src/main/jni/voip/libtgvoip/os/android/AudioOutputOpenSLES.cpp:10:
C/C++: In file included from /home/runner/work/Meowmdmdmmdd/Meowmdmdmmdd/MDGram/app/src/main/jni/voip/libtgvoip/os/android/AudioOutputOpenSLES.h:13:
C/C++: In file included from /home/runner/work/Meowmdmdmmdd/Meowmdmdmmdd/MDGram/app/src/main/jni/voip/libtgvoip/audio/AudioOutput.h:14:
C/C++: In file included from /home/runner/work/Meowmdmdmmdd/Meowmdmdmmdd/MDGram/app/src/main/jni/voip/libtgvoip/MediaStreamItf.h:14:
C/C++: /home/runner/work/Meowmdmdmmdd/Meowmdmdmmdd/MDGram/app/src/main/jni/voip/libtgvoip/os/android/../../threading.h:110:8: warning: private field 'maxPriority' is not used [-Wunused-private-field]
C/C++: In file included from /home/runner/work/Meowmdmdmmdd/Meowmdmdmmdd/MDGram/app/src/main/jni/voip/libtgvoip/EchoCanceller.cpp:12:
C/C++: In file included from /home/runner/work/Meowmdmdmmdd/Meowmdmdmmdd/MDGram/app/src/main/jni/voip/libtgvoip/EchoCanceller.h:10:
C/C++: /home/runner/work/Meowmdmdmmdd/Meowmdmdmmdd/MDGram/app/src/main/jni/voip/libtgvoip/threading.h:110:8: warning: private field 'maxPriority' is not used [-Wunused-private-field]
C/C++: In file included from /home/runner/work/Meowmdmdmmdd/Meowmdmdmmdd/MDGram/app/src/main/jni/voip/libtgvoip/os/android/AudioOutputAndroid.cpp:7:
C/C++: /home/runner/work/Meowmdmdmmdd/Meowmdmdmmdd/MDGram/app/src/main/jni/voip/libtgvoip/os/android/AudioOutputAndroid.h:20:15: warning: 'Start' overrides a member function but is not marked 'override' [-Winconsistent-missing-override]
C/C++: /home/runner/work/Meowmdmdmmdd/Meowmdmdmmdd/MDGram/app/src/main/jni/voip/libtgvoip/os/android/../../audio/../MediaStreamItf.h:24:15: note: overridden virtual function is here
C/C++: In file included from /home/runner/work/Meowmdmdmmdd/Meowmdmdmmdd/MDGram/app/src/main/jni/voip/libtgvoip/os/android/AudioOutputAndroid.cpp:7:
C/C++: /home/runner/work/Meowmdmdmmdd/Meowmdmdmmdd/MDGram/app/src/main/jni/voip/libtgvoip/os/android/AudioOutputAndroid.h:21:15: warning: 'Stop' overrides a member function but is not marked 'override' [-Winconsistent-missing-override]
C/C++: /home/runner/work/Meowmdmdmmdd/Meowmdmdmmdd/MDGram/app/src/main/jni/voip/libtgvoip/os/android/../../audio/../MediaStreamItf.h:25:15: note: overridden virtual function is here
C/C++: In file included from /home/runner/work/Meowmdmdmmdd/Meowmdmdmmdd/MDGram/app/src/main/jni/voip/libtgvoip/os/android/AudioOutputAndroid.cpp:7:
C/C++: In file included from /home/runner/work/Meowmdmdmmdd/Meowmdmdmmdd/MDGram/app/src/main/jni/voip/libtgvoip/os/android/AudioOutputAndroid.h:11:
C/C++: In file included from /home/runner/work/Meowmdmdmmdd/Meowmdmdmmdd/MDGram/app/src/main/jni/voip/libtgvoip/os/android/../../audio/AudioOutput.h:14:
C/C++: In file included from /home/runner/work/Meowmdmdmmdd/Meowmdmdmmdd/MDGram/app/src/main/jni/voip/libtgvoip/os/android/../../audio/../MediaStreamItf.h:14:
C/C++: /home/runner/work/Meowmdmdmmdd/Meowmdmdmmdd/MDGram/app/src/main/jni/voip/libtgvoip/threading.h:110:8: warning: private field 'maxPriority' is not used [-Wunused-private-field]
C/C++: In file included from /home/runner/work/Meowmdmdmmdd/Meowmdmdmmdd/MDGram/app/src/main/jni/voip/libtgvoip/OpusDecoder.cpp:7:
C/C++: In file included from /home/runner/work/Meowmdmdmmdd/Meowmdmdmmdd/MDGram/app/src/main/jni/voip/libtgvoip/OpusDecoder.h:11:
C/C++: In file included from /home/runner/work/Meowmdmdmmdd/Meowmdmdmmdd/MDGram/app/src/main/jni/voip/libtgvoip/audio/../MediaStreamItf.h:14:
C/C++: /home/runner/work/Meowmdmdmmdd/Meowmdmdmmdd/MDGram/app/src/main/jni/voip/libtgvoip/threading.h:110:8: warning: private field 'maxPriority' is not used [-Wunused-private-field]
C/C++: In file included from /home/runner/work/Meowmdmdmmdd/Meowmdmdmmdd/MDGram/app/src/main/jni/voip/libtgvoip/CongestionControl.cpp:7:
C/C++: In file included from /home/runner/work/Meowmdmdmmdd/Meowmdmdmmdd/MDGram/app/src/main/jni/voip/libtgvoip/CongestionControl.h:12:
C/C++: /home/runner/work/Meowmdmdmmdd/Meowmdmdmmdd/MDGram/app/src/main/jni/voip/libtgvoip/threading.h:110:8: warning: private field 'maxPriority' is not used [-Wunused-private-field]
C/C++: In file included from /home/runner/work/Meowmdmdmmdd/Meowmdmdmmdd/MDGram/app/src/main/jni/voip/libtgvoip/VoIPServerConfig.cpp:7:
C/C++: In file included from /home/runner/work/Meowmdmdmmdd/Meowmdmdmmdd/MDGram/app/src/main/jni/voip/libtgvoip/VoIPServerConfig.h:13:
C/C++: /home/runner/work/Meowmdmdmmdd/Meowmdmdmmdd/MDGram/app/src/main/jni/voip/libtgvoip/threading.h:110:8: warning: private field 'maxPriority' is not used [-Wunused-private-field]
C/C++: In file included from /home/runner/work/Meowmdmdmmdd/Meowmdmdmmdd/MDGram/app/src/main/jni/voip/libtgvoip/os/android/AudioInputAndroid.cpp:7:
C/C++: In file included from /home/runner/work/Meowmdmdmmdd/Meowmdmdmmdd/MDGram/app/src/main/jni/voip/libtgvoip/os/android/AudioInputAndroid.h:11:
C/C++: In file included from /home/runner/work/Meowmdmdmmdd/Meowmdmdmmdd/MDGram/app/src/main/jni/voip/libtgvoip/os/android/../../audio/AudioInput.h:13:
C/C++: In file included from /home/runner/work/Meowmdmdmmdd/Meowmdmdmmdd/MDGram/app/src/main/jni/voip/libtgvoip/os/android/../../audio/../MediaStreamItf.h:14:
C/C++: /home/runner/work/Meowmdmdmmdd/Meowmdmdmmdd/MDGram/app/src/main/jni/voip/libtgvoip/os/android/../../threading.h:110:8: warning: private field 'maxPriority' is not used [-Wunused-private-field]
C/C++: In file included from /home/runner/work/Meowmdmdmmdd/Meowmdmdmmdd/MDGram/app/src/main/jni/voip/libtgvoip/PacketReassembler.cpp:5:
C/C++: In file included from /home/runner/work/Meowmdmdmmdd/Meowmdmdmmdd/MDGram/app/src/main/jni/voip/libtgvoip/PacketReassembler.h:12:
C/C++: In file included from /home/runner/work/Meowmdmdmmdd/Meowmdmdmmdd/MDGram/app/src/main/jni/voip/libtgvoip/Buffers.h:19:
C/C++: /home/runner/work/Meowmdmdmmdd/Meowmdmdmmdd/MDGram/app/src/main/jni/voip/libtgvoip/threading.h:110:8: warning: private field 'maxPriority' is not used [-Wunused-private-field]
C/C++: In file included from /home/runner/work/Meowmdmdmmdd/Meowmdmdmmdd/MDGram/app/src/main/jni/voip/libtgvoip/NetworkSocket.cpp:14:
C/C++: In file included from /home/runner/work/Meowmdmdmmdd/Meowmdmdmmdd/MDGram/app/src/main/jni/voip/libtgvoip/os/posix/NetworkSocketPosix.h:11:
C/C++: In file included from /home/runner/work/Meowmdmdmmdd/Meowmdmdmmdd/MDGram/app/src/main/jni/voip/libtgvoip/Buffers.h:19:
C/C++: /home/runner/work/Meowmdmdmmdd/Meowmdmdmmdd/MDGram/app/src/main/jni/voip/libtgvoip/threading.h:110:8: warning: private field 'maxPriority' is not used [-Wunused-private-field]
C/C++: In file included from /home/runner/work/Meowmdmdmmdd/Meowmdmdmmdd/MDGram/app/src/main/jni/voip/libtgvoip/MessageThread.cpp:15:
C/C++: In file included from /home/runner/work/Meowmdmdmmdd/Meowmdmdmmdd/MDGram/app/src/main/jni/voip/libtgvoip/MessageThread.h:8:
C/C++: /home/runner/work/Meowmdmdmmdd/Meowmdmdmmdd/MDGram/app/src/main/jni/voip/libtgvoip/threading.h:110:8: warning: private field 'maxPriority' is not used [-Wunused-private-field]
C/C++: In file included from /home/runner/work/Meowmdmdmmdd/Meowmdmdmmdd/MDGram/app/src/main/jni/voip/libtgvoip/os/posix/NetworkSocketPosix.cpp:7:
C/C++: In file included from /home/runner/work/Meowmdmdmmdd/Meowmdmdmmdd/MDGram/app/src/main/jni/voip/libtgvoip/os/posix/NetworkSocketPosix.h:11:
C/C++: In file included from /home/runner/work/Meowmdmdmmdd/Meowmdmdmmdd/MDGram/app/src/main/jni/voip/libtgvoip/Buffers.h:19:
C/C++: /home/runner/work/Meowmdmdmmdd/Meowmdmdmmdd/MDGram/app/src/main/jni/voip/libtgvoip/threading.h:110:8: warning: private field 'maxPriority' is not used [-Wunused-private-field]
C/C++: In file included from /home/runner/work/Meowmdmdmmdd/Meowmdmdmmdd/MDGram/app/src/main/jni/voip/libtgvoip/audio/AudioIO.cpp:19:
C/C++: /home/runner/work/Meowmdmdmmdd/Meowmdmdmmdd/MDGram/app/src/main/jni/voip/libtgvoip/audio/../os/android/AudioOutputAndroid.h:20:15: warning: 'Start' overrides a member function but is not marked 'override' [-Winconsistent-missing-override]
C/C++: /home/runner/work/Meowmdmdmmdd/Meowmdmdmmdd/MDGram/app/src/main/jni/voip/libtgvoip/audio/../MediaStreamItf.h:24:15: note: overridden virtual function is here
C/C++: In file included from /home/runner/work/Meowmdmdmmdd/Meowmdmdmmdd/MDGram/app/src/main/jni/voip/libtgvoip/audio/AudioIO.cpp:19:
C/C++: /home/runner/work/Meowmdmdmmdd/Meowmdmdmmdd/MDGram/app/src/main/jni/voip/libtgvoip/audio/../os/android/AudioOutputAndroid.h:21:15: warning: 'Stop' overrides a member function but is not marked 'override' [-Winconsistent-missing-override]
C/C++: /home/runner/work/Meowmdmdmmdd/Meowmdmdmmdd/MDGram/app/src/main/jni/voip/libtgvoip/audio/../MediaStreamItf.h:25:15: note: overridden virtual function is here
C/C++: In file included from /home/runner/work/Meowmdmdmmdd/Meowmdmdmmdd/MDGram/app/src/main/jni/voip/libtgvoip/audio/AudioIO.cpp:8:
C/C++: In file included from /home/runner/work/Meowmdmdmmdd/Meowmdmdmmdd/MDGram/app/src/main/jni/voip/libtgvoip/audio/AudioIO.h:11:
C/C++: In file included from /home/runner/work/Meowmdmdmmdd/Meowmdmdmmdd/MDGram/app/src/main/jni/voip/libtgvoip/audio/../os/android/../../audio/AudioInput.h:13:
C/C++: In file included from /home/runner/work/Meowmdmdmmdd/Meowmdmdmmdd/MDGram/app/src/main/jni/voip/libtgvoip/audio/../MediaStreamItf.h:14:
C/C++: /home/runner/work/Meowmdmdmmdd/Meowmdmdmmdd/MDGram/app/src/main/jni/voip/libtgvoip/audio/../os/android/../../threading.h:110:8: warning: private field 'maxPriority' is not used [-Wunused-private-field]
C/C++: In file included from /home/runner/work/Meowmdmdmmdd/Meowmdmdmmdd/MDGram/app/src/main/jni/voip/libtgvoip/video/VideoRenderer.cpp:5:
C/C++: In file included from /home/runner/work/Meowmdmdmmdd/Meowmdmdmmdd/MDGram/app/src/main/jni/voip/libtgvoip/video/../os/android/../../video/VideoRenderer.h:9:
C/C++: In file included from /home/runner/work/Meowmdmdmmdd/Meowmdmdmmdd/MDGram/app/src/main/jni/voip/libtgvoip/video/../Buffers.h:19:
C/C++: /home/runner/work/Meowmdmdmmdd/Meowmdmdmmdd/MDGram/app/src/main/jni/voip/libtgvoip/threading.h:110:8: warning: private field 'maxPriority' is not used [-Wunused-private-field]
C/C++: In file included from /home/runner/work/Meowmdmdmmdd/Meowmdmdmmdd/MDGram/app/src/main/jni/voip/libtgvoip/video/VideoSource.cpp:5:
C/C++: In file included from /home/runner/work/Meowmdmdmmdd/Meowmdmdmmdd/MDGram/app/src/main/jni/voip/libtgvoip/video/../os/android/../../video/VideoSource.h:12:
C/C++: In file included from /home/runner/work/Meowmdmdmmdd/Meowmdmdmmdd/MDGram/app/src/main/jni/voip/libtgvoip/video/../os/android/../../Buffers.h:19:
C/C++: /home/runner/work/Meowmdmdmmdd/Meowmdmdmmdd/MDGram/app/src/main/jni/voip/libtgvoip/threading.h:110:8: warning: private field 'maxPriority' is not used [-Wunused-private-field]
C/C++: In file included from /home/runner/work/Meowmdmdmmdd/Meowmdmdmmdd/MDGram/app/src/main/jni/voip/tg_voip_jni.cpp:17:
C/C++: /home/runner/work/Meowmdmdmmdd/Meowmdmdmmdd/MDGram/app/src/main/jni/voip/libtgvoip/os/android/AudioOutputAndroid.h:20:15: warning: 'Start' overrides a member function but is not marked 'override' [-Winconsistent-missing-override]
C/C++: /home/runner/work/Meowmdmdmmdd/Meowmdmdmmdd/MDGram/app/src/main/jni/voip/libtgvoip/MediaStreamItf.h:24:15: note: overridden virtual function is here
C/C++: In file included from /home/runner/work/Meowmdmdmmdd/Meowmdmdmmdd/MDGram/app/src/main/jni/voip/tg_voip_jni.cpp:17:
C/C++: /home/runner/work/Meowmdmdmmdd/Meowmdmdmmdd/MDGram/app/src/main/jni/voip/libtgvoip/os/android/AudioOutputAndroid.h:21:15: warning: 'Stop' overrides a member function but is not marked 'override' [-Winconsistent-missing-override]
C/C++: /home/runner/work/Meowmdmdmmdd/Meowmdmdmmdd/MDGram/app/src/main/jni/voip/libtgvoip/MediaStreamItf.h:25:15: note: overridden virtual function is here
C/C++: In file included from /home/runner/work/Meowmdmdmmdd/Meowmdmdmmdd/MDGram/app/src/main/jni/voip/tg_voip_jni.cpp:22:
C/C++: /home/runner/work/Meowmdmdmmdd/Meowmdmdmmdd/MDGram/app/src/main/jni/voip/../c_utils.h:9:9: warning: 'LOGI' macro redefined [-Wmacro-redefined]
C/C++: /home/runner/work/Meowmdmdmmdd/Meowmdmdmmdd/MDGram/app/src/main/jni/voip/libtgvoip/logging.h:30:9: note: previous definition is here
C/C++: In file included from /home/runner/work/Meowmdmdmmdd/Meowmdmdmmdd/MDGram/app/src/main/jni/voip/tg_voip_jni.cpp:22:
C/C++: /home/runner/work/Meowmdmdmmdd/Meowmdmdmmdd/MDGram/app/src/main/jni/voip/../c_utils.h:10:9: warning: 'LOGD' macro redefined [-Wmacro-redefined]
C/C++: /home/runner/work/Meowmdmdmmdd/Meowmdmdmmdd/MDGram/app/src/main/jni/voip/libtgvoip/logging.h:29:9: note: previous definition is here
C/C++: In file included from /home/runner/work/Meowmdmdmmdd/Meowmdmdmmdd/MDGram/app/src/main/jni/voip/tg_voip_jni.cpp:22:
C/C++: /home/runner/work/Meowmdmdmmdd/Meowmdmdmmdd/MDGram/app/src/main/jni/voip/../c_utils.h:11:9: warning: 'LOGE' macro redefined [-Wmacro-redefined]
C/C++: /home/runner/work/Meowmdmdmmdd/Meowmdmdmmdd/MDGram/app/src/main/jni/voip/libtgvoip/logging.h:32:9: note: previous definition is here
C/C++: In file included from /home/runner/work/Meowmdmdmmdd/Meowmdmdmmdd/MDGram/app/src/main/jni/voip/tg_voip_jni.cpp:22:
C/C++: /home/runner/work/Meowmdmdmmdd/Meowmdmdmmdd/MDGram/app/src/main/jni/voip/../c_utils.h:12:9: warning: 'LOGV' macro redefined [-Wmacro-redefined]
C/C++: /home/runner/work/Meowmdmdmmdd/Meowmdmdmmdd/MDGram/app/src/main/jni/voip/libtgvoip/logging.h:28:9: note: previous definition is here
C/C++: In file included from /home/runner/work/Meowmdmdmmdd/Meowmdmdmmdd/MDGram/app/src/main/jni/voip/tg_voip_jni.cpp:12:
C/C++: In file included from /home/runner/work/Meowmdmdmmdd/Meowmdmdmmdd/MDGram/app/src/main/jni/voip/libtgvoip/VoIPServerConfig.h:13:
C/C++: /home/runner/work/Meowmdmdmmdd/Meowmdmdmmdd/MDGram/app/src/main/jni/voip/libtgvoip/os/android/../../threading.h:110:8: warning: private field 'maxPriority' is not used [-Wunused-private-field]
C/C++: /home/runner/work/Meowmdmdmmdd/Meowmdmdmmdd/MDGram/app/src/main/jni/voip/libtgvoip/video/ScreamCongestionController.cpp:23:29: warning: unused variable 'BETA_ECN' [-Wunused-const-variable]
C/C++: In file included from /home/runner/work/Meowmdmdmmdd/Meowmdmdmmdd/MDGram/app/src/main/jni/voip/libtgvoip/video/ScreamCongestionController.cpp:7:
C/C++: In file included from /home/runner/work/Meowmdmdmmdd/Meowmdmdmmdd/MDGram/app/src/main/jni/voip/libtgvoip/video/ScreamCongestionController.h:8:
C/C++: In file included from /home/runner/work/Meowmdmdmmdd/Meowmdmdmmdd/MDGram/app/src/main/jni/voip/libtgvoip/Buffers.h:19:
C/C++: /home/runner/work/Meowmdmdmmdd/Meowmdmdmmdd/MDGram/app/src/main/jni/voip/libtgvoip/threading.h:110:8: warning: private field 'maxPriority' is not used [-Wunused-private-field]
C/C++: /home/runner/work/Meowmdmdmmdd/Meowmdmdmmdd/MDGram/app/src/main/jni/voip/libtgvoip/os/android/VideoRendererAndroid.cpp:87:19: warning: moving a temporary object prevents copy elision [-Wpessimizing-move]
C/C++: /home/runner/work/Meowmdmdmmdd/Meowmdmdmmdd/MDGram/app/src/main/jni/voip/libtgvoip/os/android/VideoRendererAndroid.cpp:87:19: note: remove std::move call here
C/C++: In file included from /home/runner/work/Meowmdmdmmdd/Meowmdmdmmdd/MDGram/app/src/main/jni/voip/libtgvoip/os/android/VideoRendererAndroid.cpp:5:
C/C++: In file included from /home/runner/work/Meowmdmdmmdd/Meowmdmdmmdd/MDGram/app/src/main/jni/voip/libtgvoip/os/android/VideoRendererAndroid.h:8:
C/C++: In file included from /home/runner/work/Meowmdmdmmdd/Meowmdmdmmdd/MDGram/app/src/main/jni/voip/libtgvoip/os/android/../../video/VideoRenderer.h:9:
C/C++: In file included from /home/runner/work/Meowmdmdmmdd/Meowmdmdmmdd/MDGram/app/src/main/jni/voip/libtgvoip/os/android/../../Buffers.h:19:
C/C++: /home/runner/work/Meowmdmdmmdd/Meowmdmdmmdd/MDGram/app/src/main/jni/voip/libtgvoip/threading.h:110:8: warning: private field 'maxPriority' is not used [-Wunused-private-field]
C/C++: In file included from /home/runner/work/Meowmdmdmmdd/Meowmdmdmmdd/MDGram/app/src/main/jni/voip/libtgvoip/os/android/VideoSourceAndroid.cpp:5:
C/C++: In file included from /home/runner/work/Meowmdmdmmdd/Meowmdmdmmdd/MDGram/app/src/main/jni/voip/libtgvoip/os/android/VideoSourceAndroid.h:8:
C/C++: In file included from /home/runner/work/Meowmdmdmmdd/Meowmdmdmmdd/MDGram/app/src/main/jni/voip/libtgvoip/os/android/../../video/VideoSource.h:12:
C/C++: In file included from /home/runner/work/Meowmdmdmmdd/Meowmdmdmmdd/MDGram/app/src/main/jni/voip/libtgvoip/os/android/../../Buffers.h:19:
C/C++: /home/runner/work/Meowmdmdmmdd/Meowmdmdmmdd/MDGram/app/src/main/jni/voip/libtgvoip/threading.h:110:8: warning: private field 'maxPriority' is not used [-Wunused-private-field]
C/C++: /home/runner/work/Meowmdmdmmdd/Meowmdmdmmdd/MDGram/app/src/main/jni/voip/libtgvoip/VoIPController.cpp:2120:81: warning: format specifies type 'unsigned int' but the argument has type 'std::__ndk1::vector<unsigned int, std::__ndk1::allocator<unsigned int> >::size_type' (aka 'unsigned long') [-Wformat]
C/C++: /home/runner/work/Meowmdmdmmdd/Meowmdmdmmdd/MDGram/app/src/main/jni/voip/libtgvoip/logging.h:32:74: note: expanded from macro 'LOGE'
C/C++: /home/runner/work/Meowmdmdmmdd/Meowmdmdmmdd/MDGram/app/src/main/jni/voip/libtgvoip/logging.h:26:24: note: expanded from macro '_LOG_WRAP'
C/C++: /home/runner/work/Meowmdmdmmdd/Meowmdmdmmdd/MDGram/app/src/main/jni/voip/libtgvoip/VoIPController.cpp:2129:80: warning: format specifies type 'unsigned int' but the argument has type 'std::__ndk1::vector<unsigned int, std::__ndk1::allocator<unsigned int> >::size_type' (aka 'unsigned long') [-Wformat]
C/C++: /home/runner/work/Meowmdmdmmdd/Meowmdmdmmdd/MDGram/app/src/main/jni/voip/libtgvoip/logging.h:32:74: note: expanded from macro 'LOGE'
C/C++: /home/runner/work/Meowmdmdmmdd/Meowmdmdmmdd/MDGram/app/src/main/jni/voip/libtgvoip/logging.h:26:24: note: expanded from macro '_LOG_WRAP'
C/C++: In file included from /home/runner/work/Meowmdmdmmdd/Meowmdmdmmdd/MDGram/app/src/main/jni/voip/libtgvoip/VoIPController.cpp:14:
C/C++: In file included from /home/runner/work/Meowmdmdmmdd/Meowmdmdmmdd/MDGram/app/src/main/jni/voip/libtgvoip/VoIPController.h:24:
C/C++: In file included from /home/runner/work/Meowmdmdmmdd/Meowmdmdmmdd/MDGram/app/src/main/jni/voip/libtgvoip/video/VideoSource.h:12:
C/C++: In file included from /home/runner/work/Meowmdmdmmdd/Meowmdmdmmdd/MDGram/app/src/main/jni/voip/libtgvoip/os/android/../../Buffers.h:19:
C/C++: /home/runner/work/Meowmdmdmmdd/Meowmdmdmmdd/MDGram/app/src/main/jni/voip/libtgvoip/os/android/../../threading.h:110:8: warning: private field 'maxPriority' is not used [-Wunused-private-field]
C/C++: /home/runner/work/Meowmdmdmmdd/Meowmdmdmmdd/MDGram/app/src/main/jni/voip/tgcalls/NetworkManager.cpp:173:33: warning: 'P2PTransportChannel' is deprecated: bugs.webrtc.org/12598 [-Wdeprecated-declarations]
C/C++: /home/runner/work/Meowmdmdmmdd/Meowmdmdmmdd/MDGram/app/src/main/jni/voip/webrtc/p2p/base/p2p_transport_channel.h:117:3: note: 'P2PTransportChannel' has been explicitly marked deprecated here
C/C++: /home/runner/work/Meowmdmdmmdd/Meowmdmdmmdd/MDGram/app/src/main/jni/voip/webrtc/absl/base/attributes.h:671:49: note: expanded from macro 'ABSL_DEPRECATED'
C/C++: In file included from /home/runner/work/Meowmdmdmmdd/Meowmdmdmmdd/MDGram/app/src/main/jni/voip/tgcalls/legacy/InstanceImplLegacy.cpp:1:
C/C++: In file included from /home/runner/work/Meowmdmdmmdd/Meowmdmdmmdd/MDGram/app/src/main/jni/voip/tgcalls/legacy/InstanceImplLegacy.h:6:
C/C++: In file included from /home/runner/work/Meowmdmdmmdd/Meowmdmdmmdd/MDGram/app/src/main/jni/voip/libtgvoip/VoIPController.h:24:
C/C++: In file included from /home/runner/work/Meowmdmdmmdd/Meowmdmdmmdd/MDGram/app/src/main/jni/voip/libtgvoip/video/VideoSource.h:12:
C/C++: In file included from /home/runner/work/Meowmdmdmmdd/Meowmdmdmmdd/MDGram/app/src/main/jni/voip/libtgvoip/Buffers.h:19:
C/C++: /home/runner/work/Meowmdmdmmdd/Meowmdmdmmdd/MDGram/app/src/main/jni/voip/libtgvoip/threading.h:110:8: warning: private field 'maxPriority' is not used [-Wunused-private-field]
C/C++: /home/runner/work/Meowmdmdmmdd/Meowmdmdmmdd/MDGram/app/src/main/jni/voip/tgcalls/VideoCaptureInterfaceImpl.cpp:171:1: warning: field '_platformContext' will be initialized after field '_impl' [-Wreorder]
C/C++: /home/runner/work/Meowmdmdmmdd/Meowmdmdmmdd/MDGram/app/src/main/jni/voip/tgcalls/group/AudioStreamingPart.cpp:17:10: warning: unused function 'stringToUInt32' [-Wunused-function]
C/C++: /home/runner/work/Meowmdmdmmdd/Meowmdmdmmdd/MDGram/app/src/main/jni/voip/tgcalls/group/AudioStreamingPart.cpp:33:26: warning: unused function 'splitString' [-Wunused-function]
C/C++: /home/runner/work/Meowmdmdmmdd/Meowmdmdmmdd/MDGram/app/src/main/jni/voip/tgcalls/group/AudioStreamingPart.cpp:57:35: warning: unused function 'parseChannelUpdates' [-Wunused-function]
C/C++: /home/runner/work/Meowmdmdmmdd/Meowmdmdmmdd/MDGram/app/src/main/jni/voip/tgcalls/group/GroupNetworkManager.cpp:362:33: warning: 'P2PTransportChannel' is deprecated: bugs.webrtc.org/12598 [-Wdeprecated-declarations]
C/C++: /home/runner/work/Meowmdmdmmdd/Meowmdmdmmdd/MDGram/app/src/main/jni/voip/webrtc/p2p/base/p2p_transport_channel.h:117:3: note: 'P2PTransportChannel' has been explicitly marked deprecated here
C/C++: /home/runner/work/Meowmdmdmmdd/Meowmdmdmmdd/MDGram/app/src/main/jni/voip/webrtc/absl/base/attributes.h:671:49: note: expanded from macro 'ABSL_DEPRECATED'
C/C++: /home/runner/work/Meowmdmdmmdd/Meowmdmdmmdd/MDGram/app/src/main/jni/voip/tgcalls/group/GroupInstanceCustomImpl.cpp:476:10: warning: private field '_countFrames' is not used [-Wunused-private-field]
C/C++: /home/runner/work/Meowmdmdmmdd/Meowmdmdmmdd/MDGram/app/src/main/jni/voip/webrtc/common_video/h265/legacy_bit_buffer.cc:36:9: warning: unused function 'HighestByte' [-Wunused-function]
C/C++: /home/runner/work/Meowmdmdmmdd/Meowmdmdmmdd/MDGram/app/src/main/jni/voip/webrtc/common_video/h265/legacy_bit_buffer.cc:43:9: warning: unused function 'WritePartialByte' [-Wunused-function]
C/C++: In file included from /home/runner/work/Meowmdmdmmdd/Meowmdmdmmdd/MDGram/app/src/main/jni/voip/webrtc/sdk/android/src/jni/pc/peer_connection.cc:44:
C/C++: /home/runner/work/Meowmdmdmmdd/Meowmdmdmmdd/MDGram/app/src/main/jni/voip/webrtc/sdk/android/generated_peerconnection_jni/PeerConnection_jni.h:883:13: warning: unused function 'Java_Observer_onIceCandidateError' [-Wunused-function]
C/C++: /home/runner/work/Meowmdmdmmdd/Meowmdmdmmdd/MDGram/app/src/main/jni/voip/org_telegram_messenger_voip_Instance.cpp:312:88: warning: adding 'jint' (aka 'int') to a string does not append to the string [-Wstring-plus-int]
C/C++: /home/runner/work/Meowmdmdmmdd/Meowmdmdmmdd/MDGram/app/src/main/jni/voip/org_telegram_messenger_voip_Instance.cpp:312:88: note: use array indexing to silence this warning
C/C++: In file included from /home/runner/work/Meowmdmdmmdd/Meowmdmdmmdd/MDGram/app/src/main/jni/voip/org_telegram_messenger_voip_Instance.cpp:20:
C/C++: In file included from /home/runner/work/Meowmdmdmmdd/Meowmdmdmmdd/MDGram/app/src/main/jni/voip/tgcalls/legacy/InstanceImplLegacy.h:6:
C/C++: In file included from /home/runner/work/Meowmdmdmmdd/Meowmdmdmmdd/MDGram/app/src/main/jni/voip/libtgvoip/VoIPController.h:24:
C/C++: In file included from /home/runner/work/Meowmdmdmmdd/Meowmdmdmmdd/MDGram/app/src/main/jni/voip/libtgvoip/video/VideoSource.h:12:
C/C++: In file included from /home/runner/work/Meowmdmdmmdd/Meowmdmdmmdd/MDGram/app/src/main/jni/voip/libtgvoip/os/android/../../Buffers.h:19:
C/C++: /home/runner/work/Meowmdmdmmdd/Meowmdmdmmdd/MDGram/app/src/main/jni/voip/libtgvoip/threading.h:110:8: warning: private field 'maxPriority' is not used [-Wunused-private-field]

> Task :app:externalNativeBuildRelease
> Task :app:mergeReleaseJniLibFolders

> Task :app:mergeReleaseNativeLibs
WARNING:Your project has set `android.useAndroidX=true`, but configuration `:app:releaseRuntimeClasspath` still contains legacy support libraries, which may cause runtime issues.
This behavior will not be allowed in Android Gradle plugin 8.0.
Please use only AndroidX dependencies or set `android.enableJetifier=true` in the `gradle.properties` file to migrate your project to AndroidX (see https://developer.android.com/jetpack/androidx/migrate for more info).
The following legacy support libraries are detected:
:app:releaseRuntimeClasspath -> com.stripe:stripe-android:2.0.2 -> com.android.support:support-annotations:25.1.0

> Task :app:mergeReleaseNativeLibs FAILED
> Task :app:desugarReleaseFileDependencies

FAILURE: Build failed with an exception.

* What went wrong:
Execution failed for task ':app:mergeReleaseNativeLibs'.
> A failure occurred while executing com.android.build.gradle.internal.tasks.MergeNativeLibsTask$MergeNativeLibsTaskWorkAction
   > 2 files found with path 'lib/arm64-v8a/libtmessages.42.so' from inputs:
      - /home/runner/work/Meowmdmdmmdd/Meowmdmdmmdd/MDGram/app/build/intermediates/merged_jni_libs/release/out/arm64-v8a/libtmessages.42.so
      - /home/runner/work/Meowmdmdmmdd/Meowmdmdmmdd/MDGram/app/build/intermediates/cxx/RelWithDebInfo/3pb235i4/obj/arm64-v8a/libtmessages.42.so
     If you are using jniLibs and CMake IMPORTED targets, see
     https://developer.android.com/r/tools/jniLibs-vs-imported-targets

* Try:
> Run with --info or --debug option to get more log output.
> Run with --scan to get full insights.

* Exception is:
org.gradle.api.tasks.TaskExecutionException: Execution failed for task ':app:mergeReleaseNativeLibs'.
	at org.gradle.api.internal.tasks.execution.ExecuteActionsTaskExecuter.lambda$executeIfValid$1(ExecuteActionsTaskExecuter.java:142)
	at org.gradle.internal.Try$Failure.ifSuccessfulOrElse(Try.java:282)
	at org.gradle.api.internal.tasks.execution.ExecuteActionsTaskExecuter.executeIfValid(ExecuteActionsTaskExecuter.java:140)
	at org.gradle.api.internal.tasks.execution.ExecuteActionsTaskExecuter.execute(ExecuteActionsTaskExecuter.java:128)
	at org.gradle.api.internal.tasks.execution.CleanupStaleOutputsExecuter.execute(CleanupStaleOutputsExecuter.java:77)
	at org.gradle.api.internal.tasks.execution.FinalizePropertiesTaskExecuter.execute(FinalizePropertiesTaskExecuter.java:46)
	at org.gradle.api.internal.tasks.execution.ResolveTaskExecutionModeExecuter.execute(ResolveTaskExecutionModeExecuter.java:51)
	at org.gradle.api.internal.tasks.execution.SkipTaskWithNoActionsExecuter.execute(SkipTaskWithNoActionsExecuter.java:57)
	at org.gradle.api.internal.tasks.execution.SkipOnlyIfTaskExecuter.execute(SkipOnlyIfTaskExecuter.java:57)
	at org.gradle.api.internal.tasks.execution.CatchExceptionTaskExecuter.execute(CatchExceptionTaskExecuter.java:36)
	at org.gradle.api.internal.tasks.execution.EventFiringTaskExecuter$1.executeTask(EventFiringTaskExecuter.java:77)
	at org.gradle.api.internal.tasks.execution.EventFiringTaskExecuter$1.call(EventFiringTaskExecuter.java:55)
	at org.gradle.api.internal.tasks.execution.EventFiringTaskExecuter$1.call(EventFiringTaskExecuter.java:52)
	at org.gradle.internal.operations.DefaultBuildOperationRunner$CallableBuildOperationWorker.execute(DefaultBuildOperationRunner.java:204)
	at org.gradle.internal.operations.DefaultBuildOperationRunner$CallableBuildOperationWorker.execute(DefaultBuildOperationRunner.java:199)
	at org.gradle.internal.operations.DefaultBuildOperationRunner$2.execute(DefaultBuildOperationRunner.java:66)
	at org.gradle.internal.operations.DefaultBuildOperationRunner$2.execute(DefaultBuildOperationRunner.java:59)
	at org.gradle.internal.operations.DefaultBuildOperationRunner.execute(DefaultBuildOperationRunner.java:157)
	at org.gradle.internal.operations.DefaultBuildOperationRunner.execute(DefaultBuildOperationRunner.java:59)
	at org.gradle.internal.operations.DefaultBuildOperationRunner.call(DefaultBuildOperationRunner.java:53)
	at org.gradle.internal.operations.DefaultBuildOperationExecutor.call(DefaultBuildOperationExecutor.java:73)
	at org.gradle.api.internal.tasks.execution.EventFiringTaskExecuter.execute(EventFiringTaskExecuter.java:52)
	at org.gradle.execution.plan.LocalTaskNodeExecutor.execute(LocalTaskNodeExecutor.java:69)
	at org.gradle.execution.taskgraph.DefaultTaskExecutionGraph$InvokeNodeExecutorsAction.execute(DefaultTaskExecutionGraph.java:322)
	at org.gradle.execution.taskgraph.DefaultTaskExecutionGraph$InvokeNodeExecutorsAction.execute(DefaultTaskExecutionGraph.java:309)
	at org.gradle.execution.taskgraph.DefaultTaskExecutionGraph$BuildOperationAwareExecutionAction.execute(DefaultTaskExecutionGraph.java:302)
	at org.gradle.execution.taskgraph.DefaultTaskExecutionGraph$BuildOperationAwareExecutionAction.execute(DefaultTaskExecutionGraph.java:288)
	at org.gradle.execution.plan.DefaultPlanExecutor$ExecutorWorker.execute(DefaultPlanExecutor.java:462)
	at org.gradle.execution.plan.DefaultPlanExecutor$ExecutorWorker.run(DefaultPlanExecutor.java:379)
	at org.gradle.internal.concurrent.ExecutorPolicy$CatchAndRecordFailures.onExecute(ExecutorPolicy.java:64)
	at org.gradle.internal.concurrent.ManagedExecutorImpl$1.run(ManagedExecutorImpl.java:49)
Caused by: org.gradle.workers.internal.DefaultWorkerExecutor$WorkExecutionException: A failure occurred while executing com.android.build.gradle.internal.tasks.MergeNativeLibsTask$MergeNativeLibsTaskWorkAction
	at org.gradle.workers.internal.DefaultWorkerExecutor$WorkItemExecution.waitForCompletion(DefaultWorkerExecutor.java:348)
	at org.gradle.internal.work.DefaultAsyncWorkTracker.lambda$waitForItemsAndGatherFailures$2(DefaultAsyncWorkTracker.java:130)
	at org.gradle.internal.Factories$1.create(Factories.java:31)
	at org.gradle.internal.work.DefaultWorkerLeaseService.withoutLocks(DefaultWorkerLeaseService.java:321)
	at org.gradle.internal.work.DefaultWorkerLeaseService.withoutLocks(DefaultWorkerLeaseService.java:304)
	at org.gradle.internal.work.DefaultWorkerLeaseService.withoutLock(DefaultWorkerLeaseService.java:309)
	at org.gradle.internal.work.DefaultAsyncWorkTracker.waitForItemsAndGatherFailures(DefaultAsyncWorkTracker.java:126)
	at org.gradle.internal.work.DefaultAsyncWorkTracker.waitForItemsAndGatherFailures(DefaultAsyncWorkTracker.java:92)
	at org.gradle.internal.work.DefaultAsyncWorkTracker.waitForAll(DefaultAsyncWorkTracker.java:78)
	at org.gradle.internal.work.DefaultAsyncWorkTracker.waitForCompletion(DefaultAsyncWorkTracker.java:66)
	at org.gradle.api.internal.tasks.execution.TaskExecution$3.run(TaskExecution.java:244)
	at org.gradle.internal.operations.DefaultBuildOperationRunner$1.execute(DefaultBuildOperationRunner.java:29)
	at org.gradle.internal.operations.DefaultBuildOperationRunner$1.execute(DefaultBuildOperationRunner.java:26)
	at org.gradle.internal.operations.DefaultBuildOperationRunner$2.execute(DefaultBuildOperationRunner.java:66)
	at org.gradle.internal.operations.DefaultBuildOperationRunner$2.execute(DefaultBuildOperationRunner.java:59)
	at org.gradle.internal.operations.DefaultBuildOperationRunner.execute(DefaultBuildOperationRunner.java:157)
	at org.gradle.internal.operations.DefaultBuildOperationRunner.execute(DefaultBuildOperationRunner.java:59)
	at org.gradle.internal.operations.DefaultBuildOperationRunner.run(DefaultBuildOperationRunner.java:47)
	at org.gradle.internal.operations.DefaultBuildOperationExecutor.run(DefaultBuildOperationExecutor.java:68)
	at org.gradle.api.internal.tasks.execution.TaskExecution.executeAction(TaskExecution.java:221)
	at org.gradle.api.internal.tasks.execution.TaskExecution.executeActions(TaskExecution.java:204)
	at org.gradle.api.internal.tasks.execution.TaskExecution.executeWithPreviousOutputFiles(TaskExecution.java:187)
	at org.gradle.api.internal.tasks.execution.TaskExecution.execute(TaskExecution.java:165)
	at org.gradle.internal.execution.steps.ExecuteStep.executeInternal(ExecuteStep.java:89)
	at org.gradle.internal.execution.steps.ExecuteStep.access$000(ExecuteStep.java:40)
	at org.gradle.internal.execution.steps.ExecuteStep$1.call(ExecuteStep.java:53)
	at org.gradle.internal.execution.steps.ExecuteStep$1.call(ExecuteStep.java:50)
	at org.gradle.internal.operations.DefaultBuildOperationRunner$CallableBuildOperationWorker.execute(DefaultBuildOperationRunner.java:204)
	at org.gradle.internal.operations.DefaultBuildOperationRunner$CallableBuildOperationWorker.execute(DefaultBuildOperationRunner.java:199)
	at org.gradle.internal.operations.DefaultBuildOperationRunner$2.execute(DefaultBuildOperationRunner.java:66)
	at org.gradle.internal.operations.DefaultBuildOperationRunner$2.execute(DefaultBuildOperationRunner.java:59)
	at org.gradle.internal.operations.DefaultBuildOperationRunner.execute(DefaultBuildOperationRunner.java:157)
	at org.gradle.internal.operations.DefaultBuildOperationRunner.execute(DefaultBuildOperationRunner.java:59)
	at org.gradle.internal.operations.DefaultBuildOperationRunner.call(DefaultBuildOperationRunner.java:53)
	at org.gradle.internal.operations.DefaultBuildOperationExecutor.call(DefaultBuildOperationExecutor.java:73)
	at org.gradle.internal.execution.steps.ExecuteStep.execute(ExecuteStep.java:50)
	at org.gradle.internal.execution.steps.ExecuteStep.execute(ExecuteStep.java:40)
	at org.gradle.internal.execution.steps.RemovePreviousOutputsStep.execute(RemovePreviousOutputsStep.java:68)
	at org.gradle.internal.execution.steps.RemovePreviousOutputsStep.execute(RemovePreviousOutputsStep.java:38)
	at org.gradle.internal.execution.steps.CancelExecutionStep.execute(CancelExecutionStep.java:41)
	at org.gradle.internal.execution.steps.TimeoutStep.executeWithoutTimeout(TimeoutStep.java:74)
	at org.gradle.internal.execution.steps.TimeoutStep.execute(TimeoutStep.java:55)
	at org.gradle.internal.execution.steps.CreateOutputsStep.execute(CreateOutputsStep.java:51)
	at org.gradle.internal.execution.steps.CreateOutputsStep.execute(CreateOutputsStep.java:29)
	at org.gradle.internal.execution.steps.CaptureStateAfterExecutionStep.executeDelegateBroadcastingChanges(CaptureStateAfterExecutionStep.java:124)
	at org.gradle.internal.execution.steps.CaptureStateAfterExecutionStep.execute(CaptureStateAfterExecutionStep.java:80)
	at org.gradle.internal.execution.steps.CaptureStateAfterExecutionStep.execute(CaptureStateAfterExecutionStep.java:58)
	at org.gradle.internal.execution.steps.ResolveInputChangesStep.execute(ResolveInputChangesStep.java:48)
	at org.gradle.internal.execution.steps.ResolveInputChangesStep.execute(ResolveInputChangesStep.java:36)
	at org.gradle.internal.execution.steps.BuildCacheStep.executeWithoutCache(BuildCacheStep.java:181)
	at org.gradle.internal.execution.steps.BuildCacheStep.lambda$execute$1(BuildCacheStep.java:71)
	at org.gradle.internal.Either$Right.fold(Either.java:175)
	at org.gradle.internal.execution.caching.CachingState.fold(CachingState.java:59)
	at org.gradle.internal.execution.steps.BuildCacheStep.execute(BuildCacheStep.java:69)
	at org.gradle.internal.execution.steps.BuildCacheStep.execute(BuildCacheStep.java:47)
	at org.gradle.internal.execution.steps.StoreExecutionStateStep.execute(StoreExecutionStateStep.java:36)
	at org.gradle.internal.execution.steps.StoreExecutionStateStep.execute(StoreExecutionStateStep.java:25)
	at org.gradle.internal.execution.steps.RecordOutputsStep.execute(RecordOutputsStep.java:36)
	at org.gradle.internal.execution.steps.RecordOutputsStep.execute(RecordOutputsStep.java:22)
	at org.gradle.internal.execution.steps.SkipUpToDateStep.executeBecause(SkipUpToDateStep.java:110)
	at org.gradle.internal.execution.steps.SkipUpToDateStep.lambda$execute$2(SkipUpToDateStep.java:56)
	at org.gradle.internal.execution.steps.SkipUpToDateStep.execute(SkipUpToDateStep.java:56)
	at org.gradle.internal.execution.steps.SkipUpToDateStep.execute(SkipUpToDateStep.java:38)
	at org.gradle.internal.execution.steps.ResolveChangesStep.execute(ResolveChangesStep.java:73)
	at org.gradle.internal.execution.steps.ResolveChangesStep.execute(ResolveChangesStep.java:44)
	at org.gradle.internal.execution.steps.legacy.MarkSnapshottingInputsFinishedStep.execute(MarkSnapshottingInputsFinishedStep.java:37)
	at org.gradle.internal.execution.steps.legacy.MarkSnapshottingInputsFinishedStep.execute(MarkSnapshottingInputsFinishedStep.java:27)
	at org.gradle.internal.execution.steps.ResolveCachingStateStep.execute(ResolveCachingStateStep.java:89)
	at org.gradle.internal.execution.steps.ResolveCachingStateStep.execute(ResolveCachingStateStep.java:50)
	at org.gradle.internal.execution.steps.ValidateStep.execute(ValidateStep.java:102)
	at org.gradle.internal.execution.steps.ValidateStep.execute(ValidateStep.java:57)
	at org.gradle.internal.execution.steps.CaptureStateBeforeExecutionStep.execute(CaptureStateBeforeExecutionStep.java:76)
	at org.gradle.internal.execution.steps.CaptureStateBeforeExecutionStep.execute(CaptureStateBeforeExecutionStep.java:50)
	at org.gradle.internal.execution.steps.SkipEmptyWorkStep.executeWithNoEmptySources(SkipEmptyWorkStep.java:254)
	at org.gradle.internal.execution.steps.SkipEmptyWorkStep.executeWithNoEmptySources(SkipEmptyWorkStep.java:209)
	at org.gradle.internal.execution.steps.SkipEmptyWorkStep.execute(SkipEmptyWorkStep.java:88)
	at org.gradle.internal.execution.steps.SkipEmptyWorkStep.execute(SkipEmptyWorkStep.java:56)
	at org.gradle.internal.execution.steps.RemoveUntrackedExecutionStateStep.execute(RemoveUntrackedExecutionStateStep.java:32)
	at org.gradle.internal.execution.steps.RemoveUntrackedExecutionStateStep.execute(RemoveUntrackedExecutionStateStep.java:21)
	at org.gradle.internal.execution.steps.legacy.MarkSnapshottingInputsStartedStep.execute(MarkSnapshottingInputsStartedStep.java:38)
	at org.gradle.internal.execution.steps.LoadPreviousExecutionStateStep.execute(LoadPreviousExecutionStateStep.java:43)
	at org.gradle.internal.execution.steps.LoadPreviousExecutionStateStep.execute(LoadPreviousExecutionStateStep.java:31)
	at org.gradle.internal.execution.steps.AssignWorkspaceStep.lambda$execute$0(AssignWorkspaceStep.java:40)
	at org.gradle.api.internal.tasks.execution.TaskExecution$4.withWorkspace(TaskExecution.java:281)
	at org.gradle.internal.execution.steps.AssignWorkspaceStep.execute(AssignWorkspaceStep.java:40)
	at org.gradle.internal.execution.steps.AssignWorkspaceStep.execute(AssignWorkspaceStep.java:30)
	at org.gradle.internal.execution.steps.IdentityCacheStep.execute(IdentityCacheStep.java:37)
	at org.gradle.internal.execution.steps.IdentityCacheStep.execute(IdentityCacheStep.java:27)
	at org.gradle.internal.execution.steps.IdentifyStep.execute(IdentifyStep.java:44)
	at org.gradle.internal.execution.steps.IdentifyStep.execute(IdentifyStep.java:33)
	at org.gradle.internal.execution.impl.DefaultExecutionEngine$1.execute(DefaultExecutionEngine.java:76)
	at org.gradle.api.internal.tasks.execution.ExecuteActionsTaskExecuter.executeIfValid(ExecuteActionsTaskExecuter.java:139)
	at org.gradle.api.internal.tasks.execution.ExecuteActionsTaskExecuter.execute(ExecuteActionsTaskExecuter.java:128)
	at org.gradle.api.internal.tasks.execution.CleanupStaleOutputsExecuter.execute(CleanupStaleOutputsExecuter.java:77)
	at org.gradle.api.internal.tasks.execution.FinalizePropertiesTaskExecuter.execute(FinalizePropertiesTaskExecuter.java:46)
	at org.gradle.api.internal.tasks.execution.ResolveTaskExecutionModeExecuter.execute(ResolveTaskExecutionModeExecuter.java:51)
	at org.gradle.api.internal.tasks.execution.SkipTaskWithNoActionsExecuter.execute(SkipTaskWithNoActionsExecuter.java:57)
	at org.gradle.api.internal.tasks.execution.SkipOnlyIfTaskExecuter.execute(SkipOnlyIfTaskExecuter.java:57)
	at org.gradle.api.internal.tasks.execution.CatchExceptionTaskExecuter.execute(CatchExceptionTaskExecuter.java:36)
	at org.gradle.api.internal.tasks.execution.EventFiringTaskExecuter$1.executeTask(EventFiringTaskExecuter.java:77)
	at org.gradle.api.internal.tasks.execution.EventFiringTaskExecuter$1.call(EventFiringTaskExecuter.java:55)
	at org.gradle.api.internal.tasks.execution.EventFiringTaskExecuter$1.call(EventFiringTaskExecuter.java:52)
	at org.gradle.internal.operations.DefaultBuildOperationRunner$CallableBuildOperationWorker.execute(DefaultBuildOperationRunner.java:204)
	at org.gradle.internal.operations.DefaultBuildOperationRunner$CallableBuildOperationWorker.execute(DefaultBuildOperationRunner.java:199)
	at org.gradle.internal.operations.DefaultBuildOperationRunner$2.execute(DefaultBuildOperationRunner.java:66)
	at org.gradle.internal.operations.DefaultBuildOperationRunner$2.execute(DefaultBuildOperationRunner.java:59)
	at org.gradle.internal.operations.DefaultBuildOperationRunner.execute(DefaultBuildOperationRunner.java:157)
	at org.gradle.internal.operations.DefaultBuildOperationRunner.execute(DefaultBuildOperationRunner.java:59)
	at org.gradle.internal.operations.DefaultBuildOperationRunner.call(DefaultBuildOperationRunner.java:53)
	at org.gradle.internal.operations.DefaultBuildOperationExecutor.call(DefaultBuildOperationExecutor.java:73)
	at org.gradle.api.internal.tasks.execution.EventFiringTaskExecuter.execute(EventFiringTaskExecuter.java:52)
	at org.gradle.execution.plan.LocalTaskNodeExecutor.execute(LocalTaskNodeExecutor.java:69)
	at org.gradle.execution.taskgraph.DefaultTaskExecutionGraph$InvokeNodeExecutorsAction.execute(DefaultTaskExecutionGraph.java:322)
	at org.gradle.execution.taskgraph.DefaultTaskExecutionGraph$InvokeNodeExecutorsAction.execute(DefaultTaskExecutionGraph.java:309)
	at org.gradle.execution.taskgraph.DefaultTaskExecutionGraph$BuildOperationAwareExecutionAction.execute(DefaultTaskExecutionGraph.java:302)
	at org.gradle.execution.taskgraph.DefaultTaskExecutionGraph$BuildOperationAwareExecutionAction.execute(DefaultTaskExecutionGraph.java:288)
	at org.gradle.execution.plan.DefaultPlanExecutor$ExecutorWorker.execute(DefaultPlanExecutor.java:462)
	at org.gradle.execution.plan.DefaultPlanExecutor$ExecutorWorker.run(DefaultPlanExecutor.java:379)
	at org.gradle.internal.concurrent.ExecutorPolicy$CatchAndRecordFailures.onExecute(ExecutorPolicy.java:64)
	at org.gradle.internal.concurrent.ManagedExecutorImpl$1.run(ManagedExecutorImpl.java:49)
Caused by: com.android.builder.merge.DuplicateRelativeFileException: 2 files found with path 'lib/arm64-v8a/libtmessages.42.so' from inputs:
 - /home/runner/work/Meowmdmdmmdd/Meowmdmdmmdd/MDGram/app/build/intermediates/merged_jni_libs/release/out/arm64-v8a/libtmessages.42.so
 - /home/runner/work/Meowmdmdmmdd/Meowmdmdmmdd/MDGram/app/build/intermediates/cxx/RelWithDebInfo/3pb235i4/obj/arm64-v8a/libtmessages.42.so
If you are using jniLibs and CMake IMPORTED targets, see
https://developer.android.com/r/tools/jniLibs-vs-imported-targets
	at com.android.build.gradle.internal.tasks.MergeNativeLibsTask$MergeNativeLibsTaskWorkAction.run(MergeNativeLibsTask.kt:223)
	at com.android.build.gradle.internal.profile.ProfileAwareWorkAction.execute(ProfileAwareWorkAction.kt:74)
	at org.gradle.workers.internal.DefaultWorkerServer.execute(DefaultWorkerServer.java:63)
	at org.gradle.workers.internal.NoIsolationWorkerFactory$1$1.create(NoIsolationWorkerFactory.java:66)
	at org.gradle.workers.internal.NoIsolationWorkerFactory$1$1.create(NoIsolationWorkerFactory.java:62)
	at org.gradle.internal.classloader.ClassLoaderUtils.executeInClassloader(ClassLoaderUtils.java:100)
	at org.gradle.workers.internal.NoIsolationWorkerFactory$1.lambda$execute$0(NoIsolationWorkerFactory.java:62)
	at org.gradle.workers.internal.AbstractWorker$1.call(AbstractWorker.java:44)
	at org.gradle.workers.internal.AbstractWorker$1.call(AbstractWorker.java:41)
	at org.gradle.internal.operations.DefaultBuildOperationRunner$CallableBuildOperationWorker.execute(DefaultBuildOperationRunner.java:204)
	at org.gradle.internal.operations.DefaultBuildOperationRunner$CallableBuildOperationWorker.execute(DefaultBuildOperationRunner.java:199)
	at org.gradle.internal.operations.DefaultBuildOperationRunner$2.execute(DefaultBuildOperationRunner.java:66)
	at org.gradle.internal.operations.DefaultBuildOperationRunner$2.execute(DefaultBuildOperationRunner.java:59)
	at org.gradle.internal.operations.DefaultBuildOperationRunner.execute(DefaultBuildOperationRunner.java:157)
	at org.gradle.internal.operations.DefaultBuildOperationRunner.execute(DefaultBuildOperationRunner.java:59)
	at org.gradle.internal.operations.DefaultBuildOperationRunner.call(DefaultBuildOperationRunner.java:53)
	at org.gradle.internal.operations.DefaultBuildOperationExecutor.call(DefaultBuildOperationExecutor.java:73)
	at org.gradle.workers.internal.AbstractWorker.executeWrappedInBuildOperation(AbstractWorker.java:41)
	at org.gradle.workers.internal.NoIsolationWorkerFactory$1.execute(NoIsolationWorkerFactory.java:59)
	at org.gradle.workers.internal.DefaultWorkerExecutor.lambda$submitWork$2(DefaultWorkerExecutor.java:212)
	at org.gradle.internal.work.DefaultConditionalExecutionQueue$ExecutionRunner.runExecution(DefaultConditionalExecutionQueue.java:187)
	at org.gradle.internal.work.DefaultConditionalExecutionQueue$ExecutionRunner.access$700(DefaultConditionalExecutionQueue.java:120)
	at org.gradle.internal.work.DefaultConditionalExecutionQueue$ExecutionRunner$1.run(DefaultConditionalExecutionQueue.java:162)
	at org.gradle.internal.Factories$1.create(Factories.java:31)
	at org.gradle.internal.work.DefaultWorkerLeaseService.withLocks(DefaultWorkerLeaseService.java:249)
	at org.gradle.internal.work.DefaultWorkerLeaseService.runAsWorkerThread(DefaultWorkerLeaseService.java:109)
	at org.gradle.internal.work.DefaultWorkerLeaseService.runAsWorkerThread(DefaultWorkerLeaseService.java:114)
	at org.gradle.internal.work.DefaultConditionalExecutionQueue$ExecutionRunner.runBatch(DefaultConditionalExecutionQueue.java:157)
	at org.gradle.internal.work.DefaultConditionalExecutionQueue$ExecutionRunner.run(DefaultConditionalExecutionQueue.java:126)
	... 2 more


* Get more help at https://help.gradle.org

BUILD FAILED in 29m 23s
10 actionable tasks: 10 executed
